gender,race/ethnicity,parental level of education,lunch,test preparation course,math score,reading score,writing score,average_score,total_score,performance_level,score_consistency,prep_status,study_effort_index,parental_education_score,nutrition_index,language_alignment,stem_strength,is_high_performer
female,group B,bachelor's degree,standard,none,72,72,74,72.66666666666667,218,Good,1.1547005383792517,0,50.86666666666667,5,1,2,-1.0,0
female,group C,some college,standard,completed,69,90,88,82.33333333333333,247,Good,11.590225767142474,1,87.63333333333333,3,1,2,-20.0,1
female,group B,master's degree,standard,none,90,95,93,92.66666666666667,278,Excellent,2.516611478423583,0,64.86666666666666,6,1,2,-4.0,1
male,group A,associate's degree,free/reduced,none,47,57,44,49.333333333333336,148,Poor,6.8068592855540455,0,34.53333333333333,4,0,13,-3.5,0
male,group C,some college,standard,none,76,78,75,76.33333333333333,229,Good,1.5275252316519468,0,53.43333333333333,3,1,3,-0.5,1
female,group B,associate's degree,standard,none,71,83,78,77.33333333333333,232,Good,6.027713773341708,0,54.133333333333326,4,1,5,-9.5,1
female,group B,some college,standard,completed,88,95,92,91.66666666666667,275,Excellent,3.511884584284246,1,94.16666666666667,3,1,3,-5.5,1
male,group B,some college,free/reduced,none,40,43,39,40.666666666666664,122,Poor,2.0816659994661326,0,28.46666666666666,3,0,4,-1.0,0
male,group D,high school,free/reduced,completed,64,64,67,65.0,195,Average,1.7320508075688772,1,75.5,2,0,3,-1.5,0
female,group B,high school,free/reduced,none,38,60,50,49.333333333333336,148,Poor,11.015141094572204,0,34.53333333333333,2,0,10,-17.0,0
male,group C,associate's degree,standard,none,58,54,52,54.666666666666664,164,Average,3.055050463303893,0,38.266666666666666,4,1,2,5.0,0
male,group D,associate's degree,standard,none,40,52,43,45.0,135,Poor,6.244997998398398,0,31.499999999999996,4,1,9,-7.5,0
female,group B,high school,standard,none,65,81,73,73.0,219,Good,8.0,0,51.099999999999994,2,1,8,-12.0,0
male,group A,some college,standard,completed,78,72,70,73.33333333333333,220,Good,4.163331998932265,1,81.33333333333333,3,1,2,7.0,0
female,group A,master's degree,standard,none,50,53,58,53.666666666666664,161,Average,4.041451884327381,0,37.56666666666666,6,1,5,-5.5,0
female,group C,some high school,standard,none,69,75,78,74.0,222,Good,4.58257569495584,0,51.8,1,1,3,-7.5,0
male,group C,high school,standard,none,88,89,86,87.66666666666667,263,Excellent,1.5275252316519468,0,61.36666666666667,2,1,3,0.5,1
female,group B,some high school,free/reduced,none,18,32,28,26.0,78,Poor,7.211102550927978,0,18.2,1,0,4,-12.0,0
male,group C,master's degree,free/reduced,completed,46,42,46,44.666666666666664,134,Poor,2.309401076758503,1,61.266666666666666,6,0,4,2.0,0
female,group C,associate's degree,free/reduced,none,54,58,61,57.666666666666664,173,Average,3.511884584284246,0,40.36666666666666,4,0,3,-5.5,0
male,group D,high school,standard,none,66,69,63,66.0,198,Average,3.0,0,46.199999999999996,2,1,6,0.0,0
female,group B,some college,free/reduced,completed,65,75,70,70.0,210,Good,5.0,1,79.0,3,0,5,-7.5,0
male,group D,some college,standard,none,44,54,53,50.333333333333336,151,Average,5.507570547286102,0,35.233333333333334,3,1,1,-9.5,0
female,group C,some high school,standard,none,69,73,73,71.66666666666667,215,Good,2.3094010767585034,0,50.166666666666664,1,1,0,-4.0,0
male,group D,bachelor's degree,free/reduced,completed,74,71,80,75.0,225,Good,4.58257569495584,1,82.5,5,0,9,-1.5,1
male,group A,master's degree,free/reduced,none,73,74,72,73.0,219,Good,1.0,0,51.099999999999994,6,0,2,0.0,0
male,group B,some college,standard,none,69,54,55,59.333333333333336,178,Average,8.386497083606084,0,41.53333333333333,3,1,1,14.5,0
female,group C,bachelor's degree,standard,none,67,69,75,70.33333333333333,211,Good,4.163331998932265,0,49.23333333333333,5,1,6,-5.0,0
male,group C,high school,standard,none,70,70,65,68.33333333333333,205,Average,2.8867513459481287,0,47.83333333333333,2,1,5,2.5,0
female,group D,master's degree,standard,none,62,70,75,69.0,207,Average,6.557438524302,0,48.3,6,1,5,-10.5,0
female,group D,some college,standard,none,69,74,74,72.33333333333333,217,Good,2.8867513459481287,0,50.633333333333326,3,1,0,-5.0,0
female,group B,some college,standard,none,63,65,61,63.0,189,Average,2.0,0,44.099999999999994,3,1,4,0.0,0
female,group E,master's degree,free/reduced,none,56,72,65,64.33333333333333,193,Average,8.020806277010644,0,45.033333333333324,6,0,7,-12.5,0
male,group D,some college,standard,none,40,42,38,40.0,120,Poor,2.0,0,28.0,3,1,4,0.0,0
male,group E,some college,standard,none,97,87,82,88.66666666666667,266,Excellent,7.637626158259734,0,62.06666666666666,3,1,5,12.5,1
male,group E,associate's degree,standard,completed,81,81,79,80.33333333333333,241,Good,1.1547005383792517,1,86.23333333333332,4,1,2,1.0,1
female,group D,associate's degree,standard,none,74,81,83,79.33333333333333,238,Good,4.725815626252608,0,55.533333333333324,4,1,2,-8.0,1
female,group D,some high school,free/reduced,none,50,64,59,57.666666666666664,173,Average,7.094598884597588,0,40.36666666666666,1,0,5,-11.5,0
female,group D,associate's degree,free/reduced,completed,75,90,88,84.33333333333333,253,Good,8.144527815247079,1,89.03333333333333,4,0,2,-14.0,1
male,group B,associate's degree,free/reduced,none,57,56,57,56.666666666666664,170,Average,0.5773502691896258,0,39.666666666666664,4,0,1,0.5,0
male,group C,associate's degree,free/reduced,none,55,61,54,56.666666666666664,170,Average,3.785938897200183,0,39.666666666666664,4,0,7,-2.5,0
female,group C,associate's degree,standard,none,58,73,68,66.33333333333333,199,Average,7.637626158259734,0,46.43333333333333,4,1,5,-12.5,0
female,group B,associate's degree,standard,none,53,58,65,58.666666666666664,176,Average,6.027713773341708,0,41.06666666666666,4,1,7,-8.5,0
male,group B,some college,free/reduced,completed,59,65,66,63.333333333333336,190,Average,3.785938897200183,1,74.33333333333334,3,0,1,-6.5,0
female,group E,associate's degree,free/reduced,none,50,56,54,53.333333333333336,160,Average,3.0550504633038935,0,37.333333333333336,4,0,2,-5.0,0
male,group B,associate's degree,standard,none,65,54,57,58.666666666666664,176,Average,5.686240703077327,0,41.06666666666666,4,1,3,9.5,0
female,group A,associate's degree,standard,completed,55,65,62,60.666666666666664,182,Average,5.131601439446884,1,72.46666666666667,4,1,3,-8.5,0
female,group C,high school,standard,none,66,71,76,71.0,213,Good,5.0,0,49.699999999999996,2,1,5,-7.5,0
female,group D,associate's degree,free/reduced,completed,57,74,76,69.0,207,Average,10.44030650891055,1,78.3,4,0,2,-18.0,0
male,group C,high school,standard,completed,82,84,82,82.66666666666667,248,Good,1.1547005383792517,1,87.86666666666667,2,1,2,-1.0,1
male,group E,some college,standard,none,53,55,48,52.0,156,Average,3.605551275463989,0,36.4,3,1,7,1.5,0
male,group E,associate's degree,free/reduced,completed,77,69,68,71.33333333333333,214,Good,4.932882862316247,1,79.93333333333334,4,0,1,8.5,0
male,group C,some college,standard,none,53,44,42,46.333333333333336,139,Poor,5.8594652770823155,0,32.43333333333333,3,1,2,10.0,0
male,group D,high school,standard,none,88,78,75,80.33333333333333,241,Good,6.8068592855540455,0,56.23333333333333,2,1,3,11.5,1
female,group C,some high school,free/reduced,completed,71,84,87,80.66666666666667,242,Good,8.504900548115383,1,86.46666666666667,1,0,3,-14.5,1
female,group C,high school,free/reduced,none,33,41,43,39.0,117,Poor,5.291502622129181,0,27.299999999999997,2,0,2,-9.0,0
female,group E,associate's degree,standard,completed,82,85,86,84.33333333333333,253,Good,2.081665999466133,1,89.03333333333333,4,1,1,-3.5,1
male,group D,associate's degree,standard,none,52,55,49,52.0,156,Average,3.0,0,36.4,4,1,6,0.0,0
male,group D,some college,standard,completed,58,59,58,58.333333333333336,175,Average,0.5773502691896258,1,70.83333333333334,3,1,1,-0.5,0
female,group C,some high school,free/reduced,none,0,17,10,9.0,27,Poor,8.54400374531753,0,6.3,1,0,7,-13.5,0
male,group E,bachelor's degree,free/reduced,completed,79,74,72,75.0,225,Good,3.605551275463989,1,82.5,5,0,2,6.0,1
male,group A,some high school,free/reduced,none,39,39,34,37.333333333333336,112,Poor,2.8867513459481287,0,26.133333333333333,1,0,5,2.5,0
male,group A,associate's degree,free/reduced,none,62,61,55,59.333333333333336,178,Average,3.7859388972001824,0,41.53333333333333,4,0,6,4.0,0
female,group C,associate's degree,standard,none,69,80,71,73.33333333333333,220,Good,5.8594652770823155,0,51.33333333333333,4,1,9,-6.5,0
female,group D,some high school,standard,none,59,58,59,58.666666666666664,176,Average,0.5773502691896258,0,41.06666666666666,1,1,1,0.5,0
male,group B,some high school,standard,none,67,64,61,64.0,192,Average,3.0,0,44.8,1,1,3,4.5,0
male,group D,some high school,free/reduced,none,45,37,37,39.666666666666664,119,Poor,4.618802153517007,0,27.766666666666662,1,0,0,8.0,0
female,group C,some college,standard,none,60,72,74,68.66666666666667,206,Average,7.571877794400366,0,48.06666666666667,3,1,2,-13.0,0
male,group B,associate's degree,free/reduced,none,61,58,56,58.333333333333336,175,Average,2.516611478423583,0,40.833333333333336,4,0,2,4.0,0
female,group C,associate's degree,standard,none,39,64,57,53.333333333333336,160,Average,12.897028081435401,0,37.333333333333336,4,1,7,-21.5,0
female,group D,some college,free/reduced,completed,58,63,73,64.66666666666667,194,Average,7.637626158259733,1,75.26666666666667,3,0,10,-10.0,0
male,group D,some college,standard,completed,63,55,63,60.333333333333336,181,Average,4.618802153517007,1,72.23333333333333,3,1,8,4.0,0
female,group A,associate's degree,free/reduced,none,41,51,48,46.666666666666664,140,Poor,5.131601439446884,0,32.666666666666664,4,0,3,-8.5,0
male,group C,some high school,free/reduced,none,61,57,56,58.0,174,Average,2.6457513110645907,0,40.599999999999994,1,0,1,4.5,0
male,group C,some high school,standard,none,49,49,41,46.333333333333336,139,Poor,4.618802153517007,0,32.43333333333333,1,1,8,4.0,0
male,group B,associate's degree,free/reduced,none,44,41,38,41.0,123,Poor,3.0,0,28.7,4,0,3,4.5,0
male,group E,some high school,standard,none,30,26,22,26.0,78,Poor,4.0,0,18.2,1,1,4,6.0,0
male,group A,bachelor's degree,standard,completed,80,78,81,79.66666666666667,239,Good,1.5275252316519468,1,85.76666666666667,5,1,3,0.5,1
female,group D,some high school,standard,completed,61,74,72,69.0,207,Average,7.0,1,78.3,1,1,2,-12.0,0
female,group E,master's degree,standard,none,62,68,68,66.0,198,Average,3.4641016151377544,0,46.199999999999996,6,1,0,-6.0,0
female,group B,associate's degree,standard,none,47,49,50,48.666666666666664,146,Poor,1.5275252316519465,0,34.06666666666666,4,1,1,-2.5,0
male,group B,high school,free/reduced,none,49,45,45,46.333333333333336,139,Poor,2.309401076758503,0,32.43333333333333,2,0,0,4.0,0
male,group A,some college,free/reduced,completed,50,47,54,50.333333333333336,151,Average,3.511884584284246,1,65.23333333333333,3,0,7,-0.5,0
male,group E,associate's degree,standard,none,72,64,63,66.33333333333333,199,Average,4.932882862316247,0,46.43333333333333,4,1,1,8.5,0
male,group D,high school,free/reduced,none,42,39,34,38.333333333333336,115,Poor,4.041451884327381,0,26.833333333333332,2,0,5,5.5,0
female,group C,some college,standard,none,73,80,82,78.33333333333333,235,Good,4.725815626252608,0,54.83333333333333,3,1,2,-8.0,1
female,group C,some college,free/reduced,none,76,83,88,82.33333333333333,247,Good,6.027713773341707,0,57.633333333333326,3,0,5,-9.5,1
female,group D,associate's degree,standard,none,71,71,74,72.0,216,Good,1.7320508075688772,0,50.4,4,1,3,-1.5,0
female,group A,some college,standard,none,58,70,67,65.0,195,Average,6.244997998398398,0,45.5,3,1,3,-10.5,0
female,group D,some high school,standard,none,73,86,82,80.33333333333333,241,Good,6.658328118479393,0,56.23333333333333,1,1,4,-11.0,1
female,group C,bachelor's degree,standard,none,65,72,74,70.33333333333333,211,Good,4.725815626252608,0,49.23333333333333,5,1,2,-8.0,0
male,group C,high school,free/reduced,none,27,34,36,32.333333333333336,97,Poor,4.725815626252609,0,22.633333333333333,2,0,2,-8.0,0
male,group C,high school,standard,none,71,79,71,73.66666666666667,221,Good,4.618802153517006,0,51.56666666666667,2,1,8,-4.0,0
male,group C,associate's degree,free/reduced,completed,43,45,50,46.0,138,Poor,3.605551275463989,1,62.199999999999996,4,0,5,-4.5,0
female,group B,some college,standard,none,79,86,92,85.66666666666667,257,Excellent,6.506407098647712,0,59.96666666666667,3,1,6,-10.0,1
male,group C,associate's degree,free/reduced,completed,78,81,82,80.33333333333333,241,Good,2.081665999466133,1,86.23333333333332,4,0,1,-3.5,1
male,group B,some high school,standard,completed,65,66,62,64.33333333333333,193,Average,2.081665999466133,1,75.03333333333333,1,1,4,1.0,0
female,group E,some college,standard,completed,63,72,70,68.33333333333333,205,Average,4.725815626252608,1,77.83333333333333,3,1,2,-8.0,0
female,group D,some college,free/reduced,none,58,67,62,62.333333333333336,187,Average,4.509249752822894,0,43.63333333333333,3,0,5,-6.5,0
female,group D,bachelor's degree,standard,none,65,67,62,64.66666666666667,194,Average,2.5166114784235836,0,45.266666666666666,5,1,5,0.5,0
male,group B,some college,standard,none,79,67,67,71.0,213,Good,6.928203230275509,0,49.699999999999996,3,1,0,12.0,0
male,group D,bachelor's degree,standard,completed,68,74,74,72.0,216,Good,3.4641016151377544,1,80.4,5,1,0,-6.0,0
female,group D,associate's degree,standard,none,85,91,89,88.33333333333333,265,Excellent,3.055050463303893,0,61.83333333333333,4,1,2,-5.0,1
male,group B,high school,standard,completed,60,44,47,50.333333333333336,151,Average,8.504900548115382,1,65.23333333333333,2,1,3,14.5,0
male,group C,some college,standard,completed,98,86,90,91.33333333333333,274,Excellent,6.110100926607787,1,93.93333333333332,3,1,4,10.0,1
female,group C,some college,standard,none,58,67,72,65.66666666666667,197,Average,7.094598884597588,0,45.96666666666667,3,1,5,-11.5,0
female,group D,master's degree,standard,none,87,100,100,95.66666666666667,287,Excellent,7.505553499465136,0,66.96666666666667,6,1,0,-13.0,1
male,group E,associate's degree,standard,completed,66,63,64,64.33333333333333,193,Average,1.5275252316519468,1,75.03333333333333,4,1,1,2.5,0
female,group B,associate's degree,free/reduced,none,52,76,70,66.0,198,Average,12.489995996796797,0,46.199999999999996,4,0,6,-21.0,0
female,group B,some high school,standard,none,70,64,72,68.66666666666667,206,Average,4.163331998932265,0,48.06666666666667,1,1,8,2.0,0
female,group D,associate's degree,free/reduced,completed,77,89,98,88.0,264,Excellent,10.535653752852738,1,91.6,4,0,9,-16.5,1
male,group C,high school,standard,none,62,55,49,55.333333333333336,166,Average,6.506407098647712,0,38.733333333333334,2,1,6,10.0,0
male,group A,associate's degree,standard,none,54,53,47,51.333333333333336,154,Average,3.7859388972001824,0,35.93333333333333,4,1,6,4.0,0
female,group D,some college,standard,none,51,58,54,54.333333333333336,163,Average,3.5118845842842465,0,38.03333333333333,3,1,4,-5.0,0
female,group E,bachelor's degree,standard,completed,99,100,100,99.66666666666667,299,Excellent,0.5773502691896257,1,99.76666666666667,5,1,0,-1.0,1
male,group C,high school,standard,none,84,77,74,78.33333333333333,235,Good,5.131601439446884,0,54.83333333333333,2,1,3,8.5,1
female,group B,bachelor's degree,free/reduced,none,75,85,82,80.66666666666667,242,Good,5.131601439446884,0,56.46666666666667,5,0,3,-8.5,1
female,group D,bachelor's degree,standard,none,78,82,79,79.66666666666667,239,Good,2.0816659994661326,0,55.766666666666666,5,1,3,-2.5,1
female,group D,some high school,standard,none,51,63,61,58.333333333333336,175,Average,6.429100507328637,0,40.833333333333336,1,1,2,-11.0,0
female,group C,some college,standard,none,55,69,65,63.0,189,Average,7.211102550927978,0,44.099999999999994,3,1,4,-12.0,0
female,group C,bachelor's degree,standard,completed,79,92,89,86.66666666666667,260,Excellent,6.8068592855540455,1,90.66666666666666,5,1,3,-11.5,1
male,group B,associate's degree,standard,completed,91,89,92,90.66666666666667,272,Excellent,1.5275252316519468,1,93.46666666666667,4,1,3,0.5,1
female,group C,some college,standard,completed,88,93,93,91.33333333333333,274,Excellent,2.8867513459481287,1,93.93333333333332,3,1,0,-5.0,1
male,group D,high school,free/reduced,none,63,57,56,58.666666666666664,176,Average,3.785938897200183,0,41.06666666666666,2,0,1,6.5,0
male,group E,some college,standard,none,83,80,73,78.66666666666667,236,Good,5.131601439446884,0,55.06666666666667,3,1,7,6.5,1
female,group B,high school,standard,none,87,95,86,89.33333333333333,268,Excellent,4.932882862316247,0,62.533333333333324,2,1,9,-3.5,1
male,group B,some high school,standard,none,72,68,67,69.0,207,Average,2.6457513110645907,0,48.3,1,1,1,4.5,0
male,group D,some college,standard,completed,65,77,74,72.0,216,Good,6.244997998398398,1,80.4,3,1,3,-10.5,0
male,group D,master's degree,standard,none,82,82,74,79.33333333333333,238,Good,4.618802153517006,0,55.533333333333324,6,1,8,4.0,1
female,group A,bachelor's degree,standard,none,51,49,51,50.333333333333336,151,Average,1.1547005383792517,0,35.233333333333334,5,1,2,1.0,0
male,group D,master's degree,standard,none,89,84,82,85.0,255,Excellent,3.605551275463989,0,59.49999999999999,6,1,2,6.0,1
male,group C,some high school,free/reduced,completed,53,37,40,43.333333333333336,130,Poor,8.504900548115382,1,60.33333333333333,1,0,3,14.5,0
male,group E,some college,free/reduced,completed,87,74,70,77.0,231,Good,8.888194417315589,1,83.9,3,0,4,15.0,1
female,group C,some college,standard,completed,75,81,84,80.0,240,Good,4.58257569495584,1,86.0,3,1,3,-7.5,1
male,group D,bachelor's degree,free/reduced,completed,74,79,75,76.0,228,Good,2.6457513110645907,1,83.19999999999999,5,0,4,-3.0,1
male,group C,bachelor's degree,standard,none,58,55,48,53.666666666666664,161,Average,5.131601439446884,0,37.56666666666666,5,1,7,6.5,0
male,group B,some high school,standard,completed,51,54,41,48.666666666666664,146,Poor,6.8068592855540455,1,64.06666666666666,1,1,13,3.5,0
male,group E,high school,standard,none,70,55,56,60.333333333333336,181,Average,8.386497083606084,0,42.233333333333334,2,1,1,14.5,0
female,group C,associate's degree,standard,none,59,66,67,64.0,192,Average,4.358898943540674,0,44.8,4,1,1,-7.5,0
male,group D,some college,standard,completed,71,61,69,67.0,201,Average,5.291502622129181,1,76.9,3,1,8,6.0,0
female,group D,some high school,standard,none,76,72,71,73.0,219,Good,2.6457513110645907,0,51.099999999999994,1,1,1,4.5,0
female,group C,some college,free/reduced,none,59,62,64,61.666666666666664,185,Average,2.516611478423583,0,43.166666666666664,3,0,2,-4.0,0
female,group E,some college,free/reduced,completed,42,55,54,50.333333333333336,151,Average,7.234178138070235,1,65.23333333333333,3,0,1,-12.5,0
male,group A,high school,standard,none,57,43,47,49.0,147,Poor,7.211102550927978,0,34.3,2,1,4,12.0,0
male,group D,some college,standard,none,88,73,78,79.66666666666667,239,Good,7.637626158259734,0,55.766666666666666,3,1,5,12.5,1
female,group C,some college,free/reduced,none,22,39,33,31.333333333333332,94,Poor,8.621678104251709,0,21.93333333333333,3,0,6,-14.0,0
male,group B,some high school,standard,none,88,84,75,82.33333333333333,247,Good,6.6583281184793925,0,57.633333333333326,1,1,9,8.5,1
male,group C,associate's degree,free/reduced,none,73,68,66,69.0,207,Average,3.605551275463989,0,48.3,4,0,2,6.0,0
female,group D,bachelor's degree,standard,completed,68,75,81,74.66666666666667,224,Good,6.506407098647712,1,82.26666666666667,5,1,6,-10.0,0
male,group E,associate's degree,free/reduced,completed,100,100,93,97.66666666666667,293,Excellent,4.041451884327381,1,98.36666666666666,4,0,7,3.5,1
male,group A,some high school,standard,completed,62,67,69,66.0,198,Average,3.605551275463989,1,76.19999999999999,1,1,2,-6.0,0
male,group A,bachelor's degree,standard,none,77,67,68,70.66666666666667,212,Good,5.507570547286102,0,49.46666666666667,5,1,1,9.5,0
female,group B,associate's degree,standard,completed,59,70,66,65.0,195,Average,5.5677643628300215,1,75.5,4,1,4,-9.0,0
male,group D,bachelor's degree,standard,none,54,49,47,50.0,150,Average,3.605551275463989,0,35.0,5,1,2,6.0,0
male,group D,some high school,standard,none,62,67,61,63.333333333333336,190,Average,3.214550253664318,0,44.333333333333336,1,1,6,-2.0,0
female,group C,some college,standard,completed,70,89,88,82.33333333333333,247,Good,10.692676621563628,1,87.63333333333333,3,1,1,-18.5,1
female,group E,high school,free/reduced,completed,66,74,78,72.66666666666667,218,Good,6.110100926607786,1,80.86666666666667,2,0,4,-10.0,0
male,group B,some college,free/reduced,none,60,60,60,60.0,180,Average,0.0,0,42.0,3,0,0,0.0,0
female,group B,associate's degree,standard,completed,61,86,87,78.0,234,Good,14.730919862656235,1,84.6,4,1,1,-25.5,1
male,group D,associate's degree,free/reduced,none,66,62,64,64.0,192,Average,2.0,0,44.8,4,0,2,3.0,0
male,group B,associate's degree,free/reduced,completed,82,78,74,78.0,234,Good,4.0,1,84.6,4,0,4,6.0,1
female,group E,some college,free/reduced,completed,75,88,85,82.66666666666667,248,Good,6.8068592855540455,1,87.86666666666667,3,0,3,-11.5,1
male,group B,master's degree,free/reduced,none,49,53,52,51.333333333333336,154,Average,2.0816659994661326,0,35.93333333333333,6,0,1,-3.5,0
male,group C,high school,standard,none,52,53,49,51.333333333333336,154,Average,2.0816659994661326,0,35.93333333333333,2,1,4,1.0,0
female,group E,master's degree,standard,none,81,92,91,88.0,264,Excellent,6.082762530298219,0,61.599999999999994,6,1,1,-10.5,1
female,group C,bachelor's degree,standard,completed,96,100,100,98.66666666666667,296,Excellent,2.3094010767585034,1,99.06666666666666,5,1,0,-4.0,1
male,group C,high school,free/reduced,completed,53,51,51,51.666666666666664,155,Average,1.1547005383792517,1,66.16666666666666,2,0,0,2.0,0
female,group B,master's degree,free/reduced,completed,58,76,78,70.66666666666667,212,Good,11.015141094572204,1,79.46666666666667,6,0,2,-19.0,0
female,group B,high school,standard,completed,68,83,78,76.33333333333333,229,Good,7.637626158259734,1,83.43333333333334,2,1,5,-12.5,1
female,group C,some college,free/reduced,completed,67,75,70,70.66666666666667,212,Good,4.041451884327381,1,79.46666666666667,3,0,5,-5.5,0
male,group A,high school,standard,completed,72,73,74,73.0,219,Good,1.0,1,81.1,2,1,1,-1.5,0
male,group E,some high school,standard,none,94,88,78,86.66666666666667,260,Excellent,8.082903768654761,0,60.666666666666664,1,1,10,11.0,1
female,group D,some college,standard,none,79,86,81,82.0,246,Good,3.605551275463989,0,57.4,3,1,5,-4.5,1
female,group C,associate's degree,standard,none,63,67,70,66.66666666666667,200,Average,3.511884584284246,0,46.666666666666664,4,1,3,-5.5,0
female,group C,bachelor's degree,free/reduced,completed,43,51,54,49.333333333333336,148,Poor,5.686240703077327,1,64.53333333333333,5,0,3,-9.5,0
female,group C,master's degree,standard,completed,81,91,87,86.33333333333333,259,Excellent,5.033222956847166,1,90.43333333333332,6,1,4,-8.0,1
female,group B,high school,free/reduced,completed,46,54,58,52.666666666666664,158,Average,6.110100926607787,1,66.86666666666666,2,0,4,-10.0,0
female,group C,associate's degree,standard,completed,71,77,77,75.0,225,Good,3.4641016151377544,1,82.5,4,1,0,-6.0,1
female,group B,master's degree,free/reduced,completed,52,70,62,61.333333333333336,184,Average,9.018499505645789,1,72.93333333333334,6,0,8,-14.0,0
female,group D,some high school,standard,completed,97,100,100,99.0,297,Excellent,1.7320508075688772,1,99.3,1,1,0,-3.0,1
male,group C,master's degree,free/reduced,completed,62,68,75,68.33333333333333,205,Average,6.506407098647712,1,77.83333333333333,6,0,7,-9.5,0
female,group C,some college,free/reduced,none,46,64,66,58.666666666666664,176,Average,11.015141094572204,0,41.06666666666666,3,0,2,-19.0,0
female,group E,high school,standard,none,50,50,47,49.0,147,Poor,1.7320508075688772,0,34.3,2,1,3,1.5,0
female,group D,associate's degree,standard,none,65,69,70,68.0,204,Average,2.6457513110645907,0,47.599999999999994,4,1,1,-4.5,0
male,group C,some high school,free/reduced,completed,45,52,49,48.666666666666664,146,Poor,3.5118845842842465,1,64.06666666666666,1,0,3,-5.5,0
male,group C,associate's degree,free/reduced,completed,65,67,65,65.66666666666667,197,Average,1.1547005383792517,1,75.96666666666667,4,0,2,-1.0,0
male,group E,high school,standard,none,80,76,65,73.66666666666667,221,Good,7.767453465154029,0,51.56666666666667,2,1,11,9.5,0
male,group D,some high school,standard,completed,62,66,68,65.33333333333333,196,Average,3.055050463303893,1,75.73333333333332,1,1,2,-5.0,0
male,group B,some high school,free/reduced,none,48,52,45,48.333333333333336,145,Poor,3.511884584284246,0,33.833333333333336,1,0,7,-0.5,0
female,group C,bachelor's degree,standard,none,77,88,87,84.0,252,Good,6.082762530298219,0,58.8,5,1,1,-10.5,1
female,group E,associate's degree,standard,none,66,65,69,66.66666666666667,200,Average,2.081665999466133,0,46.666666666666664,4,1,4,-1.0,0
male,group D,some college,standard,completed,76,83,79,79.33333333333333,238,Good,3.511884584284246,1,85.53333333333333,3,1,4,-5.0,1
female,group B,some high school,standard,none,62,64,66,64.0,192,Average,2.0,0,44.8,1,1,2,-3.0,0
male,group D,some college,standard,completed,77,62,62,67.0,201,Average,8.660254037844387,1,76.9,3,1,0,15.0,0
female,group C,master's degree,standard,completed,69,84,85,79.33333333333333,238,Good,8.962886439832502,1,85.53333333333333,6,1,1,-15.5,1
male,group D,associate's degree,standard,none,61,55,52,56.0,168,Average,4.58257569495584,0,39.199999999999996,4,1,3,7.5,0
male,group C,some high school,free/reduced,completed,59,69,65,64.33333333333333,193,Average,5.033222956847166,1,75.03333333333333,1,0,4,-8.0,0
male,group E,high school,free/reduced,none,55,56,51,54.0,162,Average,2.6457513110645907,0,37.8,2,0,5,1.5,0
female,group B,some college,free/reduced,none,45,53,55,51.0,153,Average,5.291502622129181,0,35.699999999999996,3,0,2,-9.0,0
female,group B,bachelor's degree,free/reduced,none,78,79,76,77.66666666666667,233,Good,1.5275252316519468,0,54.36666666666667,5,0,3,0.5,1
female,group C,associate's degree,standard,completed,67,84,86,79.0,237,Good,10.44030650891055,1,85.3,4,1,2,-18.0,1
female,group D,some college,free/reduced,none,65,81,77,74.33333333333333,223,Good,8.326663997864532,0,52.033333333333324,3,0,4,-14.0,0
male,group C,associate's degree,standard,none,69,77,69,71.66666666666667,215,Good,4.618802153517006,0,50.166666666666664,4,1,8,-4.0,0
female,group B,associate's degree,standard,none,57,69,68,64.66666666666667,194,Average,6.6583281184793925,0,45.266666666666666,4,1,1,-11.5,0
male,group C,some college,standard,none,59,41,42,47.333333333333336,142,Poor,10.115993936995679,0,33.13333333333333,3,1,1,17.5,0
male,group D,some high school,standard,completed,74,71,78,74.33333333333333,223,Good,3.511884584284246,1,82.03333333333333,1,1,7,-0.5,0
male,group E,bachelor's degree,standard,none,82,62,62,68.66666666666667,206,Average,11.547005383792516,0,48.06666666666667,5,1,0,20.0,0
male,group E,high school,standard,completed,81,80,76,79.0,237,Good,2.6457513110645907,1,85.3,2,1,4,3.0,1
female,group B,some college,free/reduced,none,74,81,76,77.0,231,Good,3.605551275463989,0,53.9,3,0,5,-4.5,1
female,group B,some college,free/reduced,none,58,61,66,61.666666666666664,185,Average,4.041451884327381,0,43.166666666666664,3,0,5,-5.5,0
male,group D,some high school,free/reduced,completed,80,79,79,79.33333333333333,238,Good,0.5773502691896257,1,85.53333333333333,1,0,0,1.0,1
male,group C,some college,free/reduced,none,35,28,27,30.0,90,Poor,4.358898943540674,0,21.0,3,0,1,7.5,0
female,group C,high school,free/reduced,none,42,62,60,54.666666666666664,164,Average,11.015141094572202,0,38.266666666666666,2,0,2,-19.0,0
male,group C,associate's degree,free/reduced,completed,60,51,56,55.666666666666664,167,Average,4.509249752822894,1,68.96666666666667,4,0,5,6.5,0
male,group E,high school,standard,completed,87,91,81,86.33333333333333,259,Excellent,5.033222956847166,1,90.43333333333332,2,1,10,1.0,1
male,group B,some high school,standard,completed,84,83,75,80.66666666666667,242,Good,4.932882862316247,1,86.46666666666667,1,1,8,5.0,1
female,group E,associate's degree,free/reduced,completed,83,86,88,85.66666666666667,257,Excellent,2.5166114784235836,1,89.96666666666667,4,0,2,-4.0,1
female,group C,high school,free/reduced,none,34,42,39,38.333333333333336,115,Poor,4.041451884327381,0,26.833333333333332,2,0,3,-6.5,0
male,group B,high school,free/reduced,none,66,77,70,71.0,213,Good,5.5677643628300215,0,49.699999999999996,2,0,7,-7.5,0
male,group B,some high school,standard,completed,61,56,56,57.666666666666664,173,Average,2.8867513459481287,1,70.36666666666666,1,1,0,5.0,0
female,group D,high school,standard,completed,56,68,74,66.0,198,Average,9.16515138991168,1,76.19999999999999,2,1,6,-15.0,0
male,group B,associate's degree,standard,none,87,85,73,81.66666666666667,245,Good,7.571877794400365,0,57.166666666666664,4,1,12,8.0,1
female,group C,some high school,free/reduced,none,55,65,62,60.666666666666664,182,Average,5.131601439446884,0,42.46666666666666,1,0,3,-8.5,0
male,group D,some high school,standard,none,86,80,75,80.33333333333333,241,Good,5.507570547286102,0,56.23333333333333,1,1,5,8.5,1
female,group B,associate's degree,standard,completed,52,66,73,63.666666666666664,191,Average,10.692676621563628,1,74.56666666666666,4,1,7,-17.5,0
female,group E,master's degree,free/reduced,none,45,56,54,51.666666666666664,155,Average,5.8594652770823155,0,36.166666666666664,6,0,2,-10.0,0
female,group C,some college,standard,none,72,72,71,71.66666666666667,215,Good,0.5773502691896257,0,50.166666666666664,3,1,1,0.5,0
male,group D,high school,standard,none,57,50,54,53.666666666666664,161,Average,3.5118845842842465,0,37.56666666666666,2,1,4,5.0,0
male,group A,some high school,free/reduced,none,68,72,64,68.0,204,Average,4.0,0,47.599999999999994,1,0,8,0.0,0
female,group C,some college,standard,completed,88,95,94,92.33333333333333,277,Excellent,3.7859388972001824,1,94.63333333333333,3,1,1,-6.5,1
male,group D,some college,standard,none,76,64,66,68.66666666666667,206,Average,6.429100507328637,0,48.06666666666667,3,1,2,11.0,0
male,group C,associate's degree,standard,none,46,43,42,43.666666666666664,131,Poor,2.0816659994661326,0,30.566666666666663,4,1,1,3.5,0
female,group B,bachelor's degree,standard,none,67,86,83,78.66666666666667,236,Good,10.214368964029708,0,55.06666666666667,5,1,3,-17.5,1
male,group E,some high school,standard,none,92,87,78,85.66666666666667,257,Excellent,7.094598884597588,0,59.96666666666667,1,1,9,9.5,1
male,group C,bachelor's degree,standard,completed,83,82,84,83.0,249,Good,1.0,1,88.1,5,1,2,0.0,1
male,group D,associate's degree,standard,none,80,75,77,77.33333333333333,232,Good,2.516611478423583,0,54.133333333333326,4,1,2,4.0,1
male,group D,bachelor's degree,free/reduced,none,63,66,67,65.33333333333333,196,Average,2.081665999466133,0,45.73333333333333,5,0,1,-3.5,0
female,group D,some high school,standard,completed,64,60,74,66.0,198,Average,7.211102550927978,1,76.19999999999999,1,1,14,-3.0,0
male,group B,some college,standard,none,54,52,51,52.333333333333336,157,Average,1.5275252316519465,0,36.63333333333333,3,1,1,2.5,0
male,group C,associate's degree,standard,none,84,80,80,81.33333333333333,244,Good,2.3094010767585034,0,56.93333333333332,4,1,0,4.0,1
male,group D,high school,free/reduced,completed,73,68,66,69.0,207,Average,3.605551275463989,1,78.3,2,0,2,6.0,0
female,group E,bachelor's degree,standard,none,80,83,83,82.0,246,Good,1.7320508075688772,0,57.4,5,1,0,-3.0,1
female,group D,high school,standard,none,56,52,55,54.333333333333336,163,Average,2.0816659994661326,0,38.03333333333333,2,1,3,2.5,0
male,group E,some college,standard,none,59,51,43,51.0,153,Average,8.0,0,35.699999999999996,3,1,8,12.0,0
male,group D,some high school,standard,none,75,74,69,72.66666666666667,218,Good,3.214550253664318,0,50.86666666666667,1,1,5,3.5,0
male,group C,associate's degree,standard,none,85,76,71,77.33333333333333,232,Good,7.094598884597588,0,54.133333333333326,4,1,5,11.5,1
male,group E,associate's degree,standard,none,89,76,74,79.66666666666667,239,Good,8.144527815247079,0,55.766666666666666,4,1,2,14.0,1
female,group B,high school,standard,completed,58,70,68,65.33333333333333,196,Average,6.429100507328637,1,75.73333333333332,2,1,2,-11.0,0
female,group B,high school,standard,none,65,64,62,63.666666666666664,191,Average,1.5275252316519465,0,44.56666666666666,2,1,2,2.0,0
male,group C,high school,standard,none,68,60,53,60.333333333333336,181,Average,7.505553499465135,0,42.233333333333334,2,1,7,11.5,0
male,group A,some high school,standard,completed,47,49,49,48.333333333333336,145,Poor,1.1547005383792517,1,63.833333333333336,1,1,0,-2.0,0
female,group D,some college,free/reduced,none,71,83,83,79.0,237,Good,6.928203230275509,0,55.3,3,0,0,-12.0,1
female,group B,some high school,standard,completed,60,70,70,66.66666666666667,200,Average,5.773502691896257,1,76.66666666666666,1,1,0,-10.0,0
male,group D,master's degree,standard,none,80,80,72,77.33333333333333,232,Good,4.618802153517006,0,54.133333333333326,6,1,8,4.0,1
male,group D,high school,standard,none,54,52,52,52.666666666666664,158,Average,1.1547005383792517,0,36.86666666666666,2,1,0,2.0,0
female,group E,some college,standard,none,62,73,70,68.33333333333333,205,Average,5.686240703077327,0,47.83333333333333,3,1,3,-9.5,0
female,group C,associate's degree,free/reduced,none,64,73,68,68.33333333333333,205,Average,4.509249752822894,0,47.83333333333333,4,0,5,-6.5,0
male,group C,associate's degree,standard,completed,78,77,77,77.33333333333333,232,Good,0.5773502691896257,1,84.13333333333333,4,1,0,1.0,1
female,group B,some college,standard,none,70,75,78,74.33333333333333,223,Good,4.041451884327381,0,52.033333333333324,3,1,3,-6.5,0
female,group C,master's degree,free/reduced,completed,65,81,81,75.66666666666667,227,Good,9.237604307034013,1,82.96666666666667,6,0,0,-16.0,1
female,group C,some high school,free/reduced,completed,64,79,77,73.33333333333333,220,Good,8.144527815247079,1,81.33333333333333,1,0,2,-14.0,0
male,group C,some college,standard,completed,79,79,78,78.66666666666667,236,Good,0.5773502691896257,1,85.06666666666666,3,1,1,0.5,1
female,group C,some high school,free/reduced,none,44,50,51,48.333333333333336,145,Poor,3.785938897200183,0,33.833333333333336,1,0,1,-6.5,0
female,group E,high school,standard,none,99,93,90,94.0,282,Excellent,4.58257569495584,0,65.8,2,1,3,7.5,1
male,group D,high school,standard,none,76,73,68,72.33333333333333,217,Good,4.041451884327381,0,50.633333333333326,2,1,5,5.5,0
male,group D,some high school,free/reduced,none,59,42,41,47.333333333333336,142,Poor,10.115993936995679,0,33.13333333333333,1,0,1,17.5,0
female,group C,bachelor's degree,standard,none,63,75,81,73.0,219,Good,9.16515138991168,0,51.099999999999994,5,1,6,-15.0,0
female,group D,high school,standard,none,69,72,77,72.66666666666667,218,Good,4.041451884327381,0,50.86666666666667,2,1,5,-5.5,0
female,group D,associate's degree,standard,completed,88,92,95,91.66666666666667,275,Excellent,3.511884584284246,1,94.16666666666667,4,1,3,-5.5,1
female,group E,some college,free/reduced,none,71,76,70,72.33333333333333,217,Good,3.214550253664318,0,50.633333333333326,3,0,6,-2.0,0
male,group C,bachelor's degree,standard,none,69,63,61,64.33333333333333,193,Average,4.163331998932265,0,45.033333333333324,5,1,2,7.0,0
male,group C,some college,standard,none,58,49,42,49.666666666666664,149,Poor,8.020806277010644,0,34.766666666666666,3,1,7,12.5,0
female,group D,associate's degree,free/reduced,none,47,53,58,52.666666666666664,158,Average,5.507570547286102,0,36.86666666666666,4,0,5,-8.5,0
female,group D,some college,standard,none,65,70,71,68.66666666666667,206,Average,3.214550253664318,0,48.06666666666667,3,1,1,-5.5,0
male,group B,some college,standard,completed,88,85,76,83.0,249,Good,6.244997998398398,1,88.1,3,1,9,7.5,1
male,group C,bachelor's degree,standard,none,83,78,73,78.0,234,Good,5.0,0,54.599999999999994,5,1,5,7.5,1
female,group C,some high school,standard,completed,85,92,93,90.0,270,Excellent,4.358898943540674,1,93.0,1,1,1,-7.5,1
female,group E,high school,standard,completed,59,63,75,65.66666666666667,197,Average,8.326663997864532,1,75.96666666666667,2,1,12,-10.0,0
female,group C,some high school,free/reduced,none,65,86,80,77.0,231,Good,10.816653826391969,0,53.9,1,0,6,-18.0,1
male,group B,bachelor's degree,free/reduced,none,73,56,57,62.0,186,Average,9.539392014169456,0,43.4,5,0,1,16.5,0
male,group D,high school,standard,none,53,52,42,49.0,147,Poor,6.082762530298219,0,34.3,2,1,10,6.0,0
male,group D,high school,standard,none,45,48,46,46.333333333333336,139,Poor,1.5275252316519465,0,32.43333333333333,2,1,2,-2.0,0
female,group D,bachelor's degree,free/reduced,none,73,79,84,78.66666666666667,236,Good,5.507570547286102,0,55.06666666666667,5,0,5,-8.5,1
female,group D,some college,free/reduced,completed,70,78,78,75.33333333333333,226,Good,4.618802153517006,1,82.73333333333332,3,0,0,-8.0,1
female,group B,some high school,standard,none,37,46,46,43.0,129,Poor,5.196152422706632,0,30.099999999999998,1,1,0,-9.0,0
male,group B,associate's degree,standard,completed,81,82,82,81.66666666666667,245,Good,0.5773502691896257,1,87.16666666666666,4,1,0,-1.0,1
male,group E,associate's degree,standard,completed,97,82,88,89.0,267,Excellent,7.54983443527075,1,92.3,4,1,6,12.0,1
female,group B,some high school,standard,none,67,89,82,79.33333333333333,238,Good,11.239810200058244,0,55.533333333333324,1,1,7,-18.5,1
male,group B,bachelor's degree,free/reduced,none,88,75,76,79.66666666666667,239,Good,7.234178138070236,0,55.766666666666666,5,0,1,12.5,1
male,group E,some high school,standard,completed,77,76,77,76.66666666666667,230,Good,0.5773502691896257,1,83.66666666666666,1,1,1,0.5,1
male,group C,associate's degree,standard,none,76,70,68,71.33333333333333,214,Good,4.163331998932265,0,49.93333333333333,4,1,2,7.0,0
male,group D,some high school,standard,none,86,73,70,76.33333333333333,229,Good,8.504900548115383,0,53.43333333333333,1,1,3,14.5,1
male,group C,some high school,standard,completed,63,60,57,60.0,180,Average,3.0,1,72.0,1,1,3,4.5,0
female,group E,bachelor's degree,standard,none,65,73,75,71.0,213,Good,5.291502622129181,0,49.699999999999996,5,1,2,-9.0,0
male,group D,high school,free/reduced,completed,78,77,80,78.33333333333333,235,Good,1.5275252316519468,1,84.83333333333333,2,0,3,-0.5,1
male,group B,associate's degree,free/reduced,none,67,62,60,63.0,189,Average,3.605551275463989,0,44.099999999999994,4,0,2,6.0,0
male,group A,some high school,standard,completed,46,41,43,43.333333333333336,130,Poor,2.516611478423583,1,60.33333333333333,1,1,2,4.0,0
male,group E,associate's degree,standard,completed,71,74,68,71.0,213,Good,3.0,1,79.69999999999999,4,1,6,0.0,0
male,group C,high school,free/reduced,completed,40,46,50,45.333333333333336,136,Poor,5.033222956847167,1,61.733333333333334,2,0,4,-8.0,0
male,group D,associate's degree,free/reduced,none,90,87,75,84.0,252,Good,7.937253933193772,0,58.8,4,0,12,9.0,1
male,group A,some college,free/reduced,completed,81,78,81,80.0,240,Good,1.7320508075688772,1,86.0,3,0,3,1.5,1
male,group D,some high school,free/reduced,none,56,54,52,54.0,162,Average,2.0,0,37.8,1,0,2,3.0,0
female,group C,associate's degree,standard,completed,67,84,81,77.33333333333333,232,Good,9.073771725877467,1,84.13333333333333,4,1,3,-15.5,1
male,group B,associate's degree,standard,none,80,76,64,73.33333333333333,220,Good,8.326663997864532,0,51.33333333333333,4,1,12,10.0,0
female,group C,associate's degree,standard,completed,74,75,83,77.33333333333333,232,Good,4.932882862316247,1,84.13333333333333,4,1,8,-5.0,1
male,group A,some college,standard,none,69,67,69,68.33333333333333,205,Average,1.1547005383792517,0,47.83333333333333,3,1,2,1.0,0
male,group E,some college,standard,completed,99,87,81,89.0,267,Excellent,9.16515138991168,1,92.3,3,1,6,15.0,1
male,group C,some high school,standard,none,51,52,44,49.0,147,Poor,4.358898943540674,0,34.3,1,1,8,3.0,0
female,group B,associate's degree,free/reduced,none,53,71,67,63.666666666666664,191,Average,9.451631252505216,0,44.56666666666666,4,0,4,-16.0,0
female,group D,high school,free/reduced,none,49,57,52,52.666666666666664,158,Average,4.041451884327381,0,36.86666666666666,2,0,5,-5.5,0
female,group B,associate's degree,standard,none,73,76,80,76.33333333333333,229,Good,3.511884584284246,0,53.43333333333333,4,1,4,-5.0,1
male,group B,bachelor's degree,standard,none,66,60,57,61.0,183,Average,4.58257569495584,0,42.699999999999996,5,1,3,7.5,0
male,group D,bachelor's degree,standard,completed,67,61,68,65.33333333333333,196,Average,3.7859388972001824,1,75.73333333333332,5,1,7,2.5,0
female,group C,associate's degree,free/reduced,completed,68,67,69,68.0,204,Average,1.0,1,77.6,4,0,2,0.0,0
female,group C,bachelor's degree,standard,completed,59,64,75,66.0,198,Average,8.18535277187245,1,76.19999999999999,5,1,11,-10.5,0
male,group C,high school,standard,none,71,66,65,67.33333333333333,202,Average,3.214550253664318,0,47.133333333333326,2,1,1,5.5,0
female,group D,master's degree,standard,completed,77,82,91,83.33333333333333,250,Good,7.094598884597588,1,88.33333333333333,6,1,9,-9.5,1
male,group C,associate's degree,standard,none,83,72,78,77.66666666666667,233,Good,5.507570547286102,0,54.36666666666667,4,1,6,8.0,1
male,group B,bachelor's degree,standard,none,63,71,69,67.66666666666667,203,Average,4.163331998932265,0,47.36666666666667,5,1,2,-7.0,0
female,group D,associate's degree,free/reduced,none,56,65,63,61.333333333333336,184,Average,4.725815626252609,0,42.93333333333333,4,0,2,-8.0,0
female,group C,high school,free/reduced,completed,67,79,84,76.66666666666667,230,Good,8.736894948054106,1,83.66666666666666,2,0,5,-14.5,1
female,group E,high school,standard,none,75,86,79,80.0,240,Good,5.5677643628300215,0,56.0,2,1,7,-7.5,1
female,group C,some college,standard,none,71,81,80,77.33333333333333,232,Good,5.507570547286102,0,54.133333333333326,3,1,1,-9.5,1
female,group C,some high school,free/reduced,none,43,53,53,49.666666666666664,149,Poor,5.773502691896258,0,34.766666666666666,1,0,0,-10.0,0
female,group C,high school,free/reduced,none,41,46,43,43.333333333333336,130,Poor,2.516611478423583,0,30.333333333333332,2,0,3,-3.5,0
female,group C,some college,standard,none,82,90,94,88.66666666666667,266,Excellent,6.110100926607786,0,62.06666666666666,3,1,4,-10.0,1
male,group C,some college,standard,none,61,61,62,61.333333333333336,184,Average,0.5773502691896258,0,42.93333333333333,3,1,1,-0.5,0
male,group A,some college,free/reduced,none,28,23,19,23.333333333333332,70,Poor,4.509249752822894,0,16.333333333333332,3,0,4,7.0,0
male,group C,associate's degree,standard,completed,82,75,77,78.0,234,Good,3.605551275463989,1,84.6,4,1,2,6.0,1
female,group B,some high school,standard,none,41,55,51,49.0,147,Poor,7.211102550927978,0,34.3,1,1,4,-12.0,0
male,group C,high school,standard,none,71,60,61,64.0,192,Average,6.082762530298219,0,44.8,2,1,1,10.5,0
male,group C,associate's degree,standard,none,47,37,35,39.666666666666664,119,Poor,6.429100507328637,0,27.766666666666662,4,1,2,11.0,0
male,group E,associate's degree,standard,completed,62,56,53,57.0,171,Average,4.58257569495584,1,69.9,4,1,3,7.5,0
male,group B,associate's degree,standard,none,90,78,81,83.0,249,Good,6.244997998398398,0,58.099999999999994,4,1,3,10.5,1
female,group C,bachelor's degree,standard,none,83,93,95,90.33333333333333,271,Excellent,6.429100507328636,0,63.23333333333333,5,1,2,-11.0,1
female,group B,some college,free/reduced,none,61,68,66,65.0,195,Average,3.605551275463989,0,45.5,3,0,2,-6.0,0
male,group D,some high school,standard,completed,76,70,69,71.66666666666667,215,Good,3.7859388972001824,1,80.16666666666666,1,1,1,6.5,0
male,group C,associate's degree,standard,none,49,51,43,47.666666666666664,143,Poor,4.163331998932266,0,33.36666666666666,4,1,8,2.0,0
female,group B,some high school,free/reduced,none,24,38,27,29.666666666666668,89,Poor,7.371114795831994,0,20.766666666666666,1,0,11,-8.5,0
female,group D,some high school,free/reduced,completed,35,55,60,50.0,150,Average,13.228756555322953,1,65.0,1,0,5,-22.5,0
male,group C,high school,free/reduced,none,58,61,52,57.0,171,Average,4.58257569495584,0,39.9,2,0,9,1.5,0
female,group C,high school,standard,none,61,73,63,65.66666666666667,197,Average,6.429100507328637,0,45.96666666666667,2,1,10,-7.0,0
female,group B,high school,standard,completed,69,76,74,73.0,219,Good,3.605551275463989,1,81.1,2,1,2,-6.0,0
male,group D,associate's degree,standard,completed,67,72,67,68.66666666666667,206,Average,2.8867513459481287,1,78.06666666666666,4,1,5,-2.5,0
male,group D,some college,standard,none,79,73,67,73.0,219,Good,6.0,0,51.099999999999994,3,1,6,9.0,0
female,group C,high school,standard,none,72,80,75,75.66666666666667,227,Good,4.041451884327381,0,52.96666666666667,2,1,5,-5.5,1
male,group B,some college,standard,none,62,61,57,60.0,180,Average,2.6457513110645907,0,42.0,3,1,4,3.0,0
female,group C,bachelor's degree,standard,completed,77,94,95,88.66666666666667,266,Excellent,10.115993936995679,1,92.06666666666666,5,1,1,-17.5,1
male,group D,high school,free/reduced,none,75,74,66,71.66666666666667,215,Good,4.932882862316247,0,50.166666666666664,2,0,8,5.0,0
male,group E,associate's degree,standard,none,87,74,76,79.0,237,Good,7.0,0,55.3,4,1,2,12.0,1
female,group B,bachelor's degree,standard,none,52,65,69,62.0,186,Average,8.888194417315589,0,43.4,5,1,4,-15.0,0
male,group E,some college,standard,none,66,57,52,58.333333333333336,175,Average,7.094598884597588,0,40.833333333333336,3,1,5,11.5,0
female,group C,some college,standard,completed,63,78,80,73.66666666666667,221,Good,9.29157324317757,1,81.56666666666666,3,1,2,-16.0,0
female,group C,associate's degree,standard,none,46,58,57,53.666666666666664,161,Average,6.658328118479393,0,37.56666666666666,4,1,1,-11.5,0
female,group C,some college,standard,none,59,71,70,66.66666666666667,200,Average,6.6583281184793925,0,46.666666666666664,3,1,1,-11.5,0
female,group B,bachelor's degree,standard,none,61,72,70,67.66666666666667,203,Average,5.8594652770823155,0,47.36666666666667,5,1,2,-10.0,0
male,group A,associate's degree,standard,none,63,61,61,61.666666666666664,185,Average,1.1547005383792517,0,43.166666666666664,4,1,0,2.0,0
female,group C,some college,free/reduced,completed,42,66,69,59.0,177,Average,14.798648586948742,1,71.3,3,0,3,-25.5,0
male,group D,some college,free/reduced,none,59,62,61,60.666666666666664,182,Average,1.5275252316519465,0,42.46666666666666,3,0,1,-2.5,0
female,group D,some college,standard,none,80,90,89,86.33333333333333,259,Excellent,5.507570547286102,0,60.43333333333332,3,1,1,-9.5,1
female,group B,high school,standard,none,58,62,59,59.666666666666664,179,Average,2.0816659994661326,0,41.766666666666666,2,1,3,-2.5,0
male,group B,some high school,standard,completed,85,84,78,82.33333333333333,247,Good,3.7859388972001824,1,87.63333333333333,1,1,6,4.0,1
female,group C,some college,standard,none,52,58,58,56.0,168,Average,3.4641016151377544,0,39.199999999999996,3,1,0,-6.0,0
female,group D,some high school,free/reduced,none,27,34,32,31.0,93,Poor,3.605551275463989,0,21.7,1,0,2,-6.0,0
male,group C,some college,standard,none,59,60,58,59.0,177,Average,1.0,0,41.3,3,1,2,0.0,0
male,group A,bachelor's degree,free/reduced,completed,49,58,60,55.666666666666664,167,Average,5.8594652770823155,1,68.96666666666667,5,0,2,-10.0,0
male,group C,high school,standard,completed,69,58,53,60.0,180,Average,8.18535277187245,1,72.0,2,1,5,13.5,0
male,group C,bachelor's degree,free/reduced,none,61,66,61,62.666666666666664,188,Average,2.8867513459481287,0,43.86666666666666,5,0,5,-2.5,0
female,group A,some high school,free/reduced,none,44,64,58,55.333333333333336,166,Average,10.263202878893768,0,38.733333333333334,1,0,6,-17.0,0
female,group D,some high school,standard,none,73,84,85,80.66666666666667,242,Good,6.6583281184793925,0,56.46666666666667,1,1,1,-11.5,1
male,group E,some college,standard,none,84,77,71,77.33333333333333,232,Good,6.506407098647712,0,54.133333333333326,3,1,6,10.0,1
female,group C,some college,free/reduced,completed,45,73,70,62.666666666666664,188,Average,15.37313674346694,1,73.86666666666666,3,0,3,-26.5,0
male,group D,some high school,standard,none,74,74,72,73.33333333333333,220,Good,1.1547005383792517,0,51.33333333333333,1,1,2,1.0,0
female,group D,some college,standard,completed,82,97,96,91.66666666666667,275,Excellent,8.386497083606084,1,94.16666666666667,3,1,1,-14.5,1
female,group D,bachelor's degree,standard,none,59,70,73,67.33333333333333,202,Average,7.3711147958319945,0,47.133333333333326,5,1,3,-12.5,0
male,group E,associate's degree,free/reduced,none,46,43,41,43.333333333333336,130,Poor,2.516611478423583,0,30.333333333333332,4,0,2,4.0,0
female,group D,some high school,standard,none,80,90,82,84.0,252,Good,5.291502622129181,0,58.8,1,1,8,-6.0,1
female,group D,master's degree,free/reduced,completed,85,95,100,93.33333333333333,280,Excellent,7.637626158259734,1,95.33333333333333,6,0,5,-12.5,1
female,group A,some high school,standard,none,71,83,77,77.0,231,Good,6.0,0,53.9,1,1,6,-9.0,1
male,group A,bachelor's degree,standard,none,66,64,62,64.0,192,Average,2.0,0,44.8,5,1,2,3.0,0
female,group B,associate's degree,standard,none,80,86,83,83.0,249,Good,3.0,0,58.099999999999994,4,1,3,-4.5,1
male,group C,associate's degree,standard,completed,87,100,95,94.0,282,Excellent,6.557438524302,1,95.8,4,1,5,-10.5,1
male,group C,master's degree,free/reduced,none,79,81,71,77.0,231,Good,5.291502622129181,0,53.9,6,0,10,3.0,1
female,group E,some high school,free/reduced,none,38,49,45,44.0,132,Poor,5.5677643628300215,0,30.799999999999997,1,0,4,-9.0,0
female,group A,some high school,free/reduced,none,38,43,43,41.333333333333336,124,Poor,2.8867513459481287,0,28.933333333333334,1,0,0,-5.0,0
female,group E,some college,standard,none,67,76,75,72.66666666666667,218,Good,4.932882862316247,0,50.86666666666667,3,1,1,-8.5,0
female,group E,bachelor's degree,standard,none,64,73,70,69.0,207,Average,4.58257569495584,0,48.3,5,1,3,-7.5,0
female,group C,associate's degree,free/reduced,none,57,78,67,67.33333333333333,202,Average,10.503967504392488,0,47.133333333333326,4,0,11,-15.5,0
female,group D,high school,standard,none,62,64,64,63.333333333333336,190,Average,1.1547005383792517,0,44.333333333333336,2,1,0,-2.0,0
male,group D,master's degree,standard,none,73,70,75,72.66666666666667,218,Good,2.5166114784235836,0,50.86666666666667,6,1,5,0.5,0
male,group E,some high school,free/reduced,completed,73,67,59,66.33333333333333,199,Average,7.023769168568492,1,76.43333333333334,1,0,8,10.0,0
female,group D,some college,standard,none,77,68,77,74.0,222,Good,5.196152422706632,0,51.8,3,1,9,4.5,0
male,group E,some college,standard,none,76,67,67,70.0,210,Good,5.196152422706632,0,49.0,3,1,0,9.0,0
male,group C,associate's degree,standard,completed,57,54,56,55.666666666666664,167,Average,1.5275252316519465,1,68.96666666666667,4,1,2,2.0,0
female,group C,some high school,standard,completed,65,74,77,72.0,216,Good,6.244997998398398,1,80.4,1,1,3,-10.5,0
male,group A,high school,free/reduced,none,48,45,41,44.666666666666664,134,Poor,3.511884584284246,0,31.266666666666662,2,0,4,5.0,0
female,group B,high school,free/reduced,none,50,67,63,60.0,180,Average,8.888194417315589,0,42.0,2,0,4,-15.0,0
female,group C,associate's degree,standard,none,85,89,95,89.66666666666667,269,Excellent,5.033222956847166,0,62.766666666666666,4,1,6,-7.0,1
male,group B,some high school,standard,none,74,63,57,64.66666666666667,194,Average,8.621678104251709,0,45.266666666666666,1,1,6,14.0,0
male,group D,some high school,standard,none,60,59,54,57.666666666666664,173,Average,3.214550253664318,0,40.36666666666666,1,1,5,3.5,0
female,group C,some high school,standard,completed,59,54,67,60.0,180,Average,6.557438524302,1,72.0,1,1,13,-1.5,0
male,group A,some college,standard,none,53,43,43,46.333333333333336,139,Poor,5.773502691896258,0,32.43333333333333,3,1,0,10.0,0
female,group A,some college,free/reduced,none,49,65,55,56.333333333333336,169,Average,8.082903768654761,0,39.43333333333333,3,0,10,-11.0,0
female,group D,high school,standard,completed,88,99,100,95.66666666666667,287,Excellent,6.6583281184793925,1,96.96666666666667,2,1,1,-11.5,1
female,group C,high school,standard,none,54,59,62,58.333333333333336,175,Average,4.041451884327381,0,40.833333333333336,2,1,3,-6.5,0
female,group C,some high school,standard,none,63,73,68,68.0,204,Average,5.0,0,47.599999999999994,1,1,5,-7.5,0
male,group B,associate's degree,standard,completed,65,65,63,64.33333333333333,193,Average,1.1547005383792517,1,75.03333333333333,4,1,2,1.0,0
female,group B,associate's degree,standard,none,82,80,77,79.66666666666667,239,Good,2.5166114784235836,0,55.766666666666666,4,1,3,3.5,1
female,group D,high school,free/reduced,completed,52,57,56,55.0,165,Average,2.6457513110645907,1,68.5,2,0,1,-4.5,0
male,group D,associate's degree,standard,completed,87,84,85,85.33333333333333,256,Excellent,1.5275252316519468,1,89.73333333333332,4,1,1,2.5,1
female,group D,master's degree,standard,completed,70,71,74,71.66666666666667,215,Good,2.081665999466133,1,80.16666666666666,6,1,3,-2.5,0
male,group E,some college,standard,completed,84,83,78,81.66666666666667,245,Good,3.214550253664318,1,87.16666666666666,3,1,5,3.5,1
male,group D,associate's degree,standard,none,71,66,60,65.66666666666667,197,Average,5.507570547286102,0,45.96666666666667,4,1,6,8.0,0
male,group B,some high school,standard,completed,63,67,67,65.66666666666667,197,Average,2.3094010767585034,1,75.96666666666667,1,1,0,-4.0,0
female,group C,bachelor's degree,free/reduced,completed,51,72,79,67.33333333333333,202,Average,14.571661996262929,1,77.13333333333333,5,0,7,-24.5,0
male,group E,high school,standard,none,84,73,69,75.33333333333333,226,Good,7.76745346515403,0,52.73333333333333,2,1,4,13.0,1
male,group C,bachelor's degree,standard,completed,71,74,68,71.0,213,Good,3.0,1,79.69999999999999,5,1,6,0.0,0
male,group C,associate's degree,standard,none,74,73,67,71.33333333333333,214,Good,3.7859388972001824,0,49.93333333333333,4,1,6,4.0,0
male,group D,some college,standard,none,68,59,62,63.0,189,Average,4.58257569495584,0,44.099999999999994,3,1,3,7.5,0
male,group E,high school,free/reduced,completed,57,56,54,55.666666666666664,167,Average,1.5275252316519465,1,68.96666666666667,2,0,2,2.0,0
female,group C,associate's degree,free/reduced,completed,82,93,93,89.33333333333333,268,Excellent,6.350852961085883,1,92.53333333333333,4,0,0,-11.0,1
female,group D,high school,standard,completed,57,58,64,59.666666666666664,179,Average,3.7859388972001824,1,71.76666666666667,2,1,6,-4.0,0
female,group D,master's degree,free/reduced,completed,47,58,67,57.333333333333336,172,Average,10.016652800877813,1,70.13333333333333,6,0,9,-15.5,0
female,group A,some high school,standard,completed,59,85,80,74.66666666666667,224,Good,13.796134724383252,1,82.26666666666667,1,1,5,-23.5,0
male,group B,some college,free/reduced,none,41,39,34,38.0,114,Poor,3.605551275463989,0,26.599999999999998,3,0,5,4.5,0
female,group C,some college,free/reduced,none,62,67,62,63.666666666666664,191,Average,2.8867513459481287,0,44.56666666666666,3,0,5,-2.5,0
male,group C,bachelor's degree,standard,none,86,83,86,85.0,255,Excellent,1.7320508075688772,0,59.49999999999999,5,1,3,1.5,1
male,group C,some high school,free/reduced,none,69,71,65,68.33333333333333,205,Average,3.055050463303893,0,47.83333333333333,1,0,6,1.0,0
male,group A,some high school,free/reduced,none,65,59,53,59.0,177,Average,6.0,0,41.3,1,0,6,9.0,0
male,group C,some high school,free/reduced,none,68,63,54,61.666666666666664,185,Average,7.094598884597588,0,43.166666666666664,1,0,9,9.5,0
male,group C,associate's degree,free/reduced,none,64,66,59,63.0,189,Average,3.605551275463989,0,44.099999999999994,4,0,7,1.5,0
female,group C,high school,standard,none,61,72,70,67.66666666666667,203,Average,5.8594652770823155,0,47.36666666666667,2,1,2,-10.0,0
male,group C,high school,standard,none,61,56,55,57.333333333333336,172,Average,3.214550253664318,0,40.13333333333333,2,1,1,5.5,0
female,group A,some high school,free/reduced,none,47,59,50,52.0,156,Average,6.244997998398398,0,36.4,1,0,9,-7.5,0
male,group C,some high school,standard,none,73,66,66,68.33333333333333,205,Average,4.041451884327381,0,47.83333333333333,1,1,0,7.0,0
male,group C,some college,free/reduced,completed,50,48,53,50.333333333333336,151,Average,2.516611478423583,1,65.23333333333333,3,0,5,-0.5,0
male,group D,associate's degree,standard,none,75,68,64,69.0,207,Average,5.5677643628300215,0,48.3,4,1,4,9.0,0
male,group D,associate's degree,free/reduced,none,75,66,73,71.33333333333333,214,Good,4.725815626252608,0,49.93333333333333,4,0,7,5.5,0
male,group C,high school,standard,none,70,56,51,59.0,177,Average,9.848857801796104,0,41.3,2,1,5,16.5,0
male,group D,some high school,standard,completed,89,88,82,86.33333333333333,259,Excellent,3.7859388972001824,1,90.43333333333332,1,1,6,4.0,1
female,group C,some college,standard,completed,67,81,79,75.66666666666667,227,Good,7.571877794400366,1,82.96666666666667,3,1,2,-13.0,1
female,group D,high school,standard,none,78,81,80,79.66666666666667,239,Good,1.5275252316519468,0,55.766666666666666,2,1,1,-2.5,1
female,group A,some high school,free/reduced,none,59,73,69,67.0,201,Average,7.211102550927978,0,46.9,1,0,4,-12.0,0
female,group B,associate's degree,standard,none,73,83,76,77.33333333333333,232,Good,5.131601439446884,0,54.133333333333326,4,1,7,-6.5,1
male,group A,some high school,free/reduced,none,79,82,73,78.0,234,Good,4.58257569495584,0,54.599999999999994,1,0,9,1.5,1
female,group C,some high school,standard,completed,67,74,77,72.66666666666667,218,Good,5.131601439446884,1,80.86666666666667,1,1,3,-8.5,0
male,group D,some college,free/reduced,none,69,66,60,65.0,195,Average,4.58257569495584,0,45.5,3,0,6,6.0,0
male,group C,high school,standard,completed,86,81,80,82.33333333333333,247,Good,3.214550253664318,1,87.63333333333333,2,1,1,5.5,1
male,group B,high school,standard,none,47,46,42,45.0,135,Poor,2.6457513110645907,0,31.499999999999996,2,1,4,3.0,0
male,group B,associate's degree,standard,none,81,73,72,75.33333333333333,226,Good,4.932882862316247,0,52.73333333333333,4,1,1,8.5,1
female,group C,some college,free/reduced,completed,64,85,85,78.0,234,Good,12.12435565298214,1,84.6,3,0,0,-21.0,1
female,group E,some college,standard,none,100,92,97,96.33333333333333,289,Excellent,4.041451884327381,0,67.43333333333332,3,1,5,5.5,1
female,group C,associate's degree,free/reduced,none,65,77,74,72.0,216,Good,6.244997998398398,0,50.4,4,0,3,-10.5,0
male,group C,some college,free/reduced,none,65,58,49,57.333333333333336,172,Average,8.020806277010644,0,40.13333333333333,3,0,9,11.5,0
female,group C,associate's degree,free/reduced,none,53,61,62,58.666666666666664,176,Average,4.932882862316248,0,41.06666666666666,4,0,1,-8.5,0
male,group C,bachelor's degree,free/reduced,none,37,56,47,46.666666666666664,140,Poor,9.504384952922168,0,32.666666666666664,5,0,9,-14.5,0
female,group D,bachelor's degree,standard,none,79,89,89,85.66666666666667,257,Excellent,5.773502691896257,0,59.96666666666667,5,1,0,-10.0,1
male,group D,associate's degree,free/reduced,none,53,54,48,51.666666666666664,155,Average,3.214550253664318,0,36.166666666666664,4,0,6,2.0,0
female,group E,bachelor's degree,standard,none,100,100,100,100.0,300,Excellent,0.0,0,70.0,5,1,0,0.0,1
male,group B,high school,standard,completed,72,65,68,68.33333333333333,205,Average,3.511884584284246,1,77.83333333333333,2,1,3,5.5,0
male,group C,bachelor's degree,free/reduced,none,53,58,55,55.333333333333336,166,Average,2.516611478423583,0,38.733333333333334,5,0,3,-3.5,0
male,group B,some college,free/reduced,none,54,54,45,51.0,153,Average,5.196152422706632,0,35.699999999999996,3,0,9,4.5,0
female,group E,some college,standard,none,71,70,76,72.33333333333333,217,Good,3.214550253664318,0,50.633333333333326,3,1,6,-2.0,0
female,group C,some college,free/reduced,none,77,90,91,86.0,258,Excellent,7.810249675906654,0,60.199999999999996,3,0,1,-13.5,1
male,group A,bachelor's degree,standard,completed,75,58,62,65.0,195,Average,8.888194417315589,1,75.5,5,1,4,15.0,0
female,group C,some college,standard,none,84,87,91,87.33333333333333,262,Excellent,3.511884584284246,0,61.133333333333326,3,1,4,-5.0,1
female,group D,associate's degree,free/reduced,none,26,31,38,31.666666666666668,95,Poor,6.027713773341707,0,22.166666666666668,4,0,7,-8.5,0
male,group A,high school,free/reduced,completed,72,67,65,68.0,204,Average,3.605551275463989,1,77.6,2,0,2,6.0,0
female,group A,high school,free/reduced,completed,77,88,85,83.33333333333333,250,Good,5.686240703077327,1,88.33333333333333,2,0,3,-9.5,1
male,group C,some college,standard,none,91,74,76,80.33333333333333,241,Good,9.29157324317757,0,56.23333333333333,3,1,2,16.0,1
female,group C,associate's degree,standard,completed,83,85,90,86.0,258,Excellent,3.605551275463989,1,90.19999999999999,4,1,5,-4.5,1
female,group C,high school,standard,none,63,69,74,68.66666666666667,206,Average,5.507570547286102,0,48.06666666666667,2,1,5,-8.5,0
female,group C,associate's degree,standard,completed,68,86,84,79.33333333333333,238,Good,9.865765724632496,1,85.53333333333333,4,1,2,-17.0,1
female,group D,some high school,standard,none,59,67,61,62.333333333333336,187,Average,4.163331998932266,0,43.63333333333333,1,1,6,-5.0,0
female,group B,associate's degree,standard,completed,90,90,91,90.33333333333333,271,Excellent,0.5773502691896257,1,93.23333333333332,4,1,1,-0.5,1
female,group D,bachelor's degree,standard,completed,71,76,83,76.66666666666667,230,Good,6.027713773341707,1,83.66666666666666,5,1,7,-8.5,1
male,group E,bachelor's degree,standard,completed,76,62,66,68.0,204,Average,7.211102550927978,1,77.6,5,1,4,12.0,0
male,group D,associate's degree,standard,none,80,68,72,73.33333333333333,220,Good,6.110100926607787,0,51.33333333333333,4,1,4,10.0,0
female,group D,master's degree,standard,none,55,64,70,63.0,189,Average,7.54983443527075,0,44.099999999999994,6,1,6,-12.0,0
male,group E,associate's degree,standard,none,76,71,67,71.33333333333333,214,Good,4.509249752822894,0,49.93333333333333,4,1,4,7.0,0
male,group B,high school,standard,completed,73,71,68,70.66666666666667,212,Good,2.5166114784235836,1,79.46666666666667,2,1,3,3.5,0
female,group D,associate's degree,free/reduced,none,52,59,56,55.666666666666664,167,Average,3.5118845842842465,0,38.96666666666666,4,0,3,-5.5,0
male,group C,some college,free/reduced,none,68,68,61,65.66666666666667,197,Average,4.041451884327381,0,45.96666666666667,3,0,7,3.5,0
male,group A,high school,standard,none,59,52,46,52.333333333333336,157,Average,6.506407098647712,0,36.63333333333333,2,1,6,10.0,0
female,group B,associate's degree,standard,none,49,52,54,51.666666666666664,155,Average,2.516611478423583,0,36.166666666666664,4,1,2,-4.0,0
male,group C,high school,standard,none,70,74,71,71.66666666666667,215,Good,2.0816659994661326,0,50.166666666666664,2,1,3,-2.5,0
male,group D,some college,free/reduced,none,61,47,56,54.666666666666664,164,Average,7.094598884597588,0,38.266666666666666,3,0,9,9.5,0
female,group C,associate's degree,free/reduced,none,60,75,74,69.66666666666667,209,Average,8.386497083606084,0,48.766666666666666,4,0,1,-14.5,0
male,group B,some high school,standard,completed,64,53,57,58.0,174,Average,5.5677643628300215,1,70.6,1,1,4,9.0,0
male,group A,associate's degree,free/reduced,completed,79,82,82,81.0,243,Good,1.7320508075688772,1,86.69999999999999,4,0,0,-3.0,1
female,group A,associate's degree,free/reduced,none,65,85,76,75.33333333333333,226,Good,10.016652800877813,0,52.73333333333333,4,0,9,-15.5,1
female,group C,associate's degree,standard,none,64,64,70,66.0,198,Average,3.4641016151377544,0,46.199999999999996,4,1,6,-3.0,0
female,group C,some college,standard,none,83,83,90,85.33333333333333,256,Excellent,4.041451884327381,0,59.73333333333333,3,1,7,-3.5,1
female,group C,bachelor's degree,standard,none,81,88,90,86.33333333333333,259,Excellent,4.725815626252608,0,60.43333333333332,5,1,2,-8.0,1
female,group B,high school,standard,none,54,64,68,62.0,186,Average,7.211102550927978,0,43.4,2,1,4,-12.0,0
male,group D,high school,standard,completed,68,64,66,66.0,198,Average,2.0,1,76.19999999999999,2,1,2,3.0,0
female,group C,some college,standard,none,54,48,52,51.333333333333336,154,Average,3.0550504633038935,0,35.93333333333333,3,1,4,4.0,0
female,group D,some college,free/reduced,completed,59,78,76,71.0,213,Good,10.44030650891055,1,79.69999999999999,3,0,2,-18.0,0
female,group B,some high school,standard,none,66,69,68,67.66666666666667,203,Average,1.5275252316519468,0,47.36666666666667,1,1,1,-2.5,0
male,group E,some college,standard,none,76,71,72,73.0,219,Good,2.6457513110645907,0,51.099999999999994,3,1,1,4.5,0
female,group D,master's degree,standard,none,74,79,82,78.33333333333333,235,Good,4.041451884327381,0,54.83333333333333,6,1,3,-6.5,1
female,group B,associate's degree,standard,completed,94,87,92,91.0,273,Excellent,3.605551275463989,1,93.69999999999999,4,1,5,4.5,1
male,group C,some college,free/reduced,none,63,61,54,59.333333333333336,178,Average,4.725815626252609,0,41.53333333333333,3,0,7,5.5,0
female,group E,associate's degree,standard,completed,95,89,92,92.0,276,Excellent,3.0,1,94.39999999999999,4,1,3,4.5,1
female,group D,master's degree,free/reduced,none,40,59,54,51.0,153,Average,9.848857801796104,0,35.699999999999996,6,0,5,-16.5,0
female,group B,some high school,standard,none,82,82,80,81.33333333333333,244,Good,1.1547005383792517,0,56.93333333333332,1,1,2,1.0,1
male,group A,high school,standard,none,68,70,66,68.0,204,Average,2.0,0,47.599999999999994,2,1,4,0.0,0
male,group B,bachelor's degree,free/reduced,none,55,59,54,56.0,168,Average,2.6457513110645907,0,39.199999999999996,5,0,5,-1.5,0
male,group C,master's degree,standard,none,79,78,77,78.0,234,Good,1.0,0,54.599999999999994,6,1,1,1.5,1
female,group C,bachelor's degree,standard,none,86,92,87,88.33333333333333,265,Excellent,3.214550253664318,0,61.83333333333333,5,1,5,-3.5,1
male,group D,some college,standard,none,76,71,73,73.33333333333333,220,Good,2.516611478423583,0,51.33333333333333,3,1,2,4.0,0
male,group A,some high school,standard,none,64,50,43,52.333333333333336,157,Average,10.692676621563628,0,36.63333333333333,1,1,7,17.5,0
male,group D,some high school,free/reduced,none,62,49,52,54.333333333333336,163,Average,6.8068592855540455,0,38.03333333333333,1,0,3,11.5,0
female,group B,some high school,standard,completed,54,61,62,59.0,177,Average,4.358898943540674,1,71.3,1,1,1,-7.5,0
female,group B,master's degree,free/reduced,completed,77,97,94,89.33333333333333,268,Excellent,10.785793124908958,1,92.53333333333333,6,0,3,-18.5,1
female,group C,some high school,standard,completed,76,87,85,82.66666666666667,248,Good,5.8594652770823155,1,87.86666666666667,1,1,2,-10.0,1
female,group D,some college,standard,none,74,89,84,82.33333333333333,247,Good,7.637626158259734,0,57.633333333333326,3,1,5,-12.5,1
female,group E,some college,standard,completed,66,74,73,71.0,213,Good,4.358898943540674,1,79.69999999999999,3,1,1,-7.5,0
female,group D,some high school,standard,completed,66,78,78,74.0,222,Good,6.928203230275509,1,81.8,1,1,0,-12.0,0
female,group B,high school,free/reduced,completed,67,78,79,74.66666666666667,224,Good,6.6583281184793925,1,82.26666666666667,2,0,1,-11.5,0
male,group D,some college,standard,none,71,49,52,57.333333333333336,172,Average,11.930353445448853,0,40.13333333333333,3,1,3,20.5,0
female,group C,associate's degree,standard,none,91,86,84,87.0,261,Excellent,3.605551275463989,0,60.9,4,1,2,6.0,1
male,group D,bachelor's degree,standard,none,69,58,57,61.333333333333336,184,Average,6.658328118479393,0,42.93333333333333,5,1,1,11.5,0
male,group C,master's degree,free/reduced,none,54,59,50,54.333333333333336,163,Average,4.509249752822894,0,38.03333333333333,6,0,9,-0.5,0
male,group C,high school,standard,completed,53,52,49,51.333333333333336,154,Average,2.0816659994661326,1,65.93333333333334,2,1,3,2.5,0
male,group E,some college,standard,none,68,60,59,62.333333333333336,187,Average,4.932882862316248,0,43.63333333333333,3,1,1,8.5,0
male,group C,some high school,free/reduced,completed,56,61,60,59.0,177,Average,2.6457513110645907,1,71.3,1,0,1,-4.5,0
female,group C,high school,free/reduced,none,36,53,43,44.0,132,Poor,8.54400374531753,0,30.799999999999997,2,0,10,-12.0,0
female,group D,bachelor's degree,free/reduced,none,29,41,47,39.0,117,Poor,9.16515138991168,0,27.299999999999997,5,0,6,-15.0,0
female,group C,associate's degree,standard,none,62,74,70,68.66666666666667,206,Average,6.110100926607787,0,48.06666666666667,4,1,4,-10.0,0
female,group C,associate's degree,standard,completed,68,67,73,69.33333333333333,208,Average,3.214550253664318,1,78.53333333333333,4,1,6,-2.0,0
female,group C,some high school,standard,none,47,54,53,51.333333333333336,154,Average,3.785938897200183,0,35.93333333333333,1,1,1,-6.5,0
male,group E,associate's degree,standard,completed,62,61,58,60.333333333333336,181,Average,2.0816659994661326,1,72.23333333333333,4,1,3,2.5,0
female,group E,associate's degree,standard,completed,79,88,94,87.0,261,Excellent,7.54983443527075,1,90.9,4,1,6,-12.0,1
male,group B,high school,standard,completed,73,69,68,70.0,210,Good,2.6457513110645907,1,79.0,2,1,1,4.5,0
female,group C,bachelor's degree,free/reduced,completed,66,83,83,77.33333333333333,232,Good,9.814954576223638,1,84.13333333333333,5,0,0,-17.0,1
male,group C,associate's degree,standard,completed,51,60,58,56.333333333333336,169,Average,4.725815626252609,1,69.43333333333334,4,1,2,-8.0,0
female,group D,high school,standard,none,51,66,62,59.666666666666664,179,Average,7.767453465154029,0,41.766666666666666,2,1,4,-13.0,0
male,group E,bachelor's degree,standard,completed,85,66,71,74.0,222,Good,9.848857801796104,1,81.8,5,1,5,16.5,0
male,group A,associate's degree,standard,completed,97,92,86,91.66666666666667,275,Excellent,5.507570547286102,1,94.16666666666667,4,1,6,8.0,1
male,group C,high school,standard,completed,75,69,68,70.66666666666667,212,Good,3.7859388972001824,1,79.46666666666667,2,1,1,6.5,0
male,group D,associate's degree,free/reduced,completed,79,82,80,80.33333333333333,241,Good,1.5275252316519468,1,86.23333333333332,4,0,2,-2.0,1
female,group C,associate's degree,standard,none,81,77,79,79.0,237,Good,2.0,0,55.3,4,1,2,3.0,1
female,group D,associate's degree,standard,none,82,95,89,88.66666666666667,266,Excellent,6.506407098647712,0,62.06666666666666,4,1,6,-10.0,1
female,group D,master's degree,standard,none,64,63,66,64.33333333333333,193,Average,1.5275252316519468,0,45.033333333333324,6,1,3,-0.5,0
male,group E,some high school,free/reduced,completed,78,83,80,80.33333333333333,241,Good,2.516611478423583,1,86.23333333333332,1,0,3,-3.5,1
female,group A,some high school,standard,completed,92,100,97,96.33333333333333,289,Excellent,4.041451884327381,1,97.43333333333332,1,1,3,-6.5,1
male,group C,high school,standard,completed,72,67,64,67.66666666666667,203,Average,4.041451884327381,1,77.36666666666667,2,1,3,6.5,0
female,group C,high school,free/reduced,none,62,67,64,64.33333333333333,193,Average,2.516611478423583,0,45.033333333333324,2,0,3,-3.5,0
male,group C,master's degree,standard,none,79,72,69,73.33333333333333,220,Good,5.131601439446884,0,51.33333333333333,6,1,3,8.5,0
male,group C,some high school,free/reduced,none,79,76,65,73.33333333333333,220,Good,7.371114795831994,0,51.33333333333333,1,0,11,8.5,0
male,group B,bachelor's degree,free/reduced,completed,87,90,88,88.33333333333333,265,Excellent,1.5275252316519468,1,91.83333333333333,5,0,2,-2.0,1
female,group B,associate's degree,standard,none,40,48,50,46.0,138,Poor,5.291502622129181,0,32.199999999999996,4,1,2,-9.0,0
male,group D,some college,free/reduced,none,77,62,64,67.66666666666667,203,Average,8.144527815247079,0,47.36666666666667,3,0,2,14.0,0
male,group E,associate's degree,standard,none,53,45,40,46.0,138,Poor,6.557438524302,0,32.199999999999996,4,1,5,10.5,0
female,group C,some college,free/reduced,none,32,39,33,34.666666666666664,104,Poor,3.785938897200183,0,24.266666666666662,3,0,6,-4.0,0
female,group C,associate's degree,standard,completed,55,72,79,68.66666666666667,206,Average,12.342339054382412,1,78.06666666666666,4,1,7,-20.5,0
male,group C,master's degree,free/reduced,none,61,67,66,64.66666666666667,194,Average,3.214550253664318,0,45.266666666666666,6,0,1,-5.5,0
female,group B,associate's degree,free/reduced,none,53,70,70,64.33333333333333,193,Average,9.814954576223638,0,45.033333333333324,4,0,0,-17.0,0
male,group D,some high school,standard,none,73,66,62,67.0,201,Average,5.5677643628300215,0,46.9,1,1,4,9.0,0
female,group D,some college,standard,completed,74,75,79,76.0,228,Good,2.6457513110645907,1,83.19999999999999,3,1,4,-3.0,1
female,group C,some college,standard,none,63,74,74,70.33333333333333,211,Good,6.350852961085883,0,49.23333333333333,3,1,0,-11.0,0
male,group C,bachelor's degree,standard,completed,96,90,92,92.66666666666667,278,Excellent,3.055050463303893,1,94.86666666666666,5,1,2,5.0,1
female,group D,some college,free/reduced,completed,63,80,80,74.33333333333333,223,Good,9.814954576223638,1,82.03333333333333,3,0,0,-17.0,0
male,group B,bachelor's degree,free/reduced,none,48,51,46,48.333333333333336,145,Poor,2.516611478423583,0,33.833333333333336,5,0,5,-0.5,0
male,group B,associate's degree,standard,none,48,43,45,45.333333333333336,136,Poor,2.516611478423583,0,31.733333333333334,4,1,2,4.0,0
female,group E,bachelor's degree,free/reduced,completed,92,100,100,97.33333333333333,292,Excellent,4.618802153517006,1,98.13333333333333,5,0,0,-8.0,1
female,group D,master's degree,free/reduced,completed,61,71,78,70.0,210,Good,8.54400374531753,1,79.0,6,0,7,-13.5,0
male,group B,high school,free/reduced,none,63,48,47,52.666666666666664,158,Average,8.962886439832502,0,36.86666666666666,2,0,1,15.5,0
male,group D,bachelor's degree,free/reduced,none,68,68,67,67.66666666666667,203,Average,0.5773502691896257,0,47.36666666666667,5,0,1,0.5,0
male,group B,some college,standard,completed,71,75,70,72.0,216,Good,2.6457513110645907,1,80.4,3,1,5,-1.5,0
male,group A,bachelor's degree,standard,none,91,96,92,93.0,279,Excellent,2.6457513110645907,0,65.1,5,1,4,-3.0,1
female,group C,some college,standard,none,53,62,56,57.0,171,Average,4.58257569495584,0,39.9,3,1,6,-6.0,0
female,group C,high school,free/reduced,completed,50,66,64,60.0,180,Average,8.717797887081348,1,72.0,2,0,2,-15.0,0
female,group E,high school,standard,none,74,81,71,75.33333333333333,226,Good,5.131601439446884,0,52.73333333333333,2,1,10,-2.0,1
male,group A,associate's degree,free/reduced,completed,40,55,53,49.333333333333336,148,Poor,8.144527815247077,1,64.53333333333333,4,0,2,-14.0,0
male,group A,some college,standard,completed,61,51,52,54.666666666666664,164,Average,5.507570547286102,1,68.26666666666667,3,1,1,9.5,0
female,group B,high school,standard,none,81,91,89,87.0,261,Excellent,5.291502622129181,0,60.9,2,1,2,-9.0,1
female,group B,some college,free/reduced,completed,48,56,58,54.0,162,Average,5.291502622129181,1,67.8,3,0,2,-9.0,0
female,group D,master's degree,standard,none,53,61,68,60.666666666666664,182,Average,7.505553499465135,0,42.46666666666666,6,1,7,-11.5,0
female,group D,some high school,standard,none,81,97,96,91.33333333333333,274,Excellent,8.962886439832502,0,63.93333333333332,1,1,1,-15.5,1
female,group E,some high school,standard,none,77,79,80,78.66666666666667,236,Good,1.5275252316519468,0,55.06666666666667,1,1,1,-2.5,1
female,group D,bachelor's degree,free/reduced,none,63,73,78,71.33333333333333,214,Good,7.637626158259734,0,49.93333333333333,5,0,5,-12.5,0
female,group D,associate's degree,standard,completed,73,75,80,76.0,228,Good,3.605551275463989,1,83.19999999999999,4,1,5,-4.5,1
female,group D,some college,standard,none,69,77,77,74.33333333333333,223,Good,4.618802153517006,0,52.033333333333324,3,1,0,-8.0,0
female,group C,associate's degree,standard,none,65,76,76,72.33333333333333,217,Good,6.350852961085883,0,50.633333333333326,4,1,0,-11.0,0
female,group A,high school,standard,none,55,73,73,67.0,201,Average,10.392304845413264,0,46.9,2,1,0,-18.0,0
female,group C,bachelor's degree,free/reduced,none,44,63,62,56.333333333333336,169,Average,10.692676621563628,0,39.43333333333333,5,0,1,-18.5,0
female,group C,some college,standard,none,54,64,65,61.0,183,Average,6.082762530298219,0,42.699999999999996,3,1,1,-10.5,0
female,group A,some high school,standard,none,48,66,65,59.666666666666664,179,Average,10.115993936995679,0,41.766666666666666,1,1,1,-17.5,0
male,group C,some college,free/reduced,none,58,57,54,56.333333333333336,169,Average,2.0816659994661326,0,39.43333333333333,3,0,3,2.5,0
male,group A,some high school,standard,none,71,62,50,61.0,183,Average,10.535653752852738,0,42.699999999999996,1,1,12,15.0,0
male,group E,bachelor's degree,standard,none,68,68,64,66.66666666666667,200,Average,2.3094010767585034,0,46.666666666666664,5,1,4,2.0,0
female,group E,high school,standard,none,74,76,73,74.33333333333333,223,Good,1.5275252316519468,0,52.033333333333324,2,1,3,-0.5,0
female,group C,bachelor's degree,standard,completed,92,100,99,97.0,291,Excellent,4.358898943540674,1,97.89999999999999,5,1,1,-7.5,1
female,group C,bachelor's degree,standard,completed,56,79,72,69.0,207,Average,11.789826122551595,1,78.3,5,1,7,-19.5,0
male,group B,high school,free/reduced,none,30,24,15,23.0,69,Poor,7.54983443527075,0,16.099999999999998,2,0,9,10.5,0
male,group A,some high school,standard,none,53,54,48,51.666666666666664,155,Average,3.214550253664318,0,36.166666666666664,1,1,6,2.0,0
female,group D,high school,standard,none,69,77,73,73.0,219,Good,4.0,0,51.099999999999994,2,1,4,-6.0,0
female,group D,some high school,standard,none,65,82,81,76.0,228,Good,9.539392014169456,0,53.199999999999996,1,1,1,-16.5,1
female,group D,master's degree,standard,none,54,60,63,59.0,177,Average,4.58257569495584,0,41.3,6,1,3,-7.5,0
female,group C,high school,standard,none,29,29,30,29.333333333333332,88,Poor,0.5773502691896258,0,20.53333333333333,2,1,1,-0.5,0
female,group E,some college,standard,none,76,78,80,78.0,234,Good,2.0,0,54.599999999999994,3,1,2,-3.0,1
male,group D,high school,free/reduced,none,60,57,51,56.0,168,Average,4.58257569495584,0,39.199999999999996,2,0,6,6.0,0
male,group D,master's degree,free/reduced,completed,84,89,90,87.66666666666667,263,Excellent,3.214550253664318,1,91.36666666666667,6,0,1,-5.5,1
male,group C,some high school,standard,none,75,72,62,69.66666666666667,209,Average,6.8068592855540455,0,48.766666666666666,1,1,10,8.0,0
female,group C,associate's degree,standard,none,85,84,82,83.66666666666667,251,Good,1.5275252316519468,0,58.56666666666666,4,1,2,2.0,1
female,group C,master's degree,free/reduced,none,40,58,54,50.666666666666664,152,Average,9.451631252505216,0,35.46666666666666,6,0,4,-16.0,0
female,group E,some college,standard,none,61,64,62,62.333333333333336,187,Average,1.5275252316519465,0,43.63333333333333,3,1,2,-2.0,0
female,group B,associate's degree,standard,none,58,63,65,62.0,186,Average,3.605551275463989,0,43.4,4,1,2,-6.0,0
male,group D,some college,free/reduced,completed,69,60,63,64.0,192,Average,4.58257569495584,1,74.8,3,0,3,7.5,0
female,group C,some college,standard,none,58,59,66,61.0,183,Average,4.358898943540674,0,42.699999999999996,3,1,7,-4.5,0
male,group C,bachelor's degree,standard,completed,94,90,91,91.66666666666667,275,Excellent,2.0816659994661326,1,94.16666666666667,5,1,1,3.5,1
female,group C,associate's degree,standard,none,65,77,74,72.0,216,Good,6.244997998398398,0,50.4,4,1,3,-10.5,0
female,group A,associate's degree,standard,none,82,93,93,89.33333333333333,268,Excellent,6.350852961085883,0,62.533333333333324,4,1,0,-11.0,1
female,group C,high school,standard,none,60,68,72,66.66666666666667,200,Average,6.110100926607786,0,46.666666666666664,2,1,4,-10.0,0
female,group E,bachelor's degree,standard,none,37,45,38,40.0,120,Poor,4.358898943540674,0,28.0,5,1,7,-4.5,0
male,group D,bachelor's degree,standard,none,88,78,83,83.0,249,Good,5.0,0,58.099999999999994,5,1,5,7.5,1
male,group D,master's degree,standard,none,95,81,84,86.66666666666667,260,Excellent,7.3711147958319945,0,60.666666666666664,6,1,3,12.5,1
male,group C,associate's degree,free/reduced,completed,65,73,68,68.66666666666667,206,Average,4.041451884327381,1,78.06666666666666,4,0,5,-5.5,0
female,group C,high school,free/reduced,none,35,61,54,50.0,150,Average,13.45362404707371,0,35.0,2,0,7,-22.5,0
male,group B,bachelor's degree,free/reduced,none,62,63,56,60.333333333333336,181,Average,3.7859388972001824,0,42.233333333333334,5,0,7,2.5,0
male,group C,high school,free/reduced,completed,58,51,52,53.666666666666664,161,Average,3.785938897200183,1,67.56666666666666,2,0,1,6.5,0
male,group A,some college,standard,completed,100,96,86,94.0,282,Excellent,7.211102550927978,1,95.8,3,1,10,9.0,1
female,group E,bachelor's degree,free/reduced,none,61,58,62,60.333333333333336,181,Average,2.0816659994661326,0,42.233333333333334,5,0,4,1.0,0
male,group D,some college,standard,completed,100,97,99,98.66666666666667,296,Excellent,1.5275252316519468,1,99.06666666666666,3,1,2,2.0,1
male,group B,associate's degree,free/reduced,completed,69,70,63,67.33333333333333,202,Average,3.7859388972001824,1,77.13333333333333,4,0,7,2.5,0
male,group D,associate's degree,standard,none,61,48,46,51.666666666666664,155,Average,8.144527815247079,0,36.166666666666664,4,1,2,14.0,0
male,group D,some college,free/reduced,none,49,57,46,50.666666666666664,152,Average,5.686240703077327,0,35.46666666666666,3,0,11,-2.5,0
female,group C,some high school,standard,completed,44,51,55,50.0,150,Average,5.5677643628300215,1,65.0,1,1,4,-9.0,0
male,group D,some college,standard,none,67,64,70,67.0,201,Average,3.0,0,46.9,3,1,6,0.0,0
male,group B,high school,standard,none,79,60,65,68.0,204,Average,9.848857801796104,0,47.599999999999994,2,1,5,16.5,0
female,group B,bachelor's degree,standard,completed,66,74,81,73.66666666666667,221,Good,7.505553499465135,1,81.56666666666666,5,1,7,-11.5,0
female,group C,high school,standard,none,75,88,85,82.66666666666667,248,Good,6.8068592855540455,0,57.86666666666667,2,1,3,-11.5,1
male,group D,some high school,standard,none,84,84,80,82.66666666666667,248,Good,2.3094010767585034,0,57.86666666666667,1,1,4,2.0,1
male,group A,high school,standard,none,71,74,64,69.66666666666667,209,Average,5.131601439446884,0,48.766666666666666,2,1,10,2.0,0
female,group B,high school,free/reduced,completed,67,80,81,76.0,228,Good,7.810249675906654,1,83.19999999999999,2,0,1,-13.5,1
female,group D,some high school,standard,completed,80,92,88,86.66666666666667,260,Excellent,6.110100926607787,1,90.66666666666666,1,1,4,-10.0,1
male,group E,some college,standard,none,86,76,74,78.66666666666667,236,Good,6.429100507328636,0,55.06666666666667,3,1,2,11.0,1
female,group D,associate's degree,standard,none,76,74,73,74.33333333333333,223,Good,1.5275252316519468,0,52.033333333333324,4,1,1,2.5,0
male,group D,high school,standard,none,41,52,51,48.0,144,Poor,6.082762530298219,0,33.599999999999994,2,1,1,-10.5,0
female,group D,associate's degree,free/reduced,completed,74,88,90,84.0,252,Good,8.717797887081348,1,88.8,4,0,2,-15.0,1
female,group B,some high school,free/reduced,none,72,81,79,77.33333333333333,232,Good,4.725815626252608,0,54.133333333333326,1,0,2,-8.0,1
female,group E,high school,standard,completed,74,79,80,77.66666666666667,233,Good,3.214550253664318,1,84.36666666666667,2,1,1,-5.5,1
male,group B,high school,standard,none,70,65,60,65.0,195,Average,5.0,0,45.5,2,1,5,7.5,0
female,group B,bachelor's degree,standard,completed,65,81,81,75.66666666666667,227,Good,9.237604307034013,1,82.96666666666667,5,1,0,-16.0,1
female,group D,associate's degree,standard,none,59,70,65,64.66666666666667,194,Average,5.507570547286102,0,45.266666666666666,4,1,5,-8.5,0
female,group E,high school,free/reduced,none,64,62,68,64.66666666666667,194,Average,3.055050463303893,0,45.266666666666666,2,0,6,-1.0,0
female,group B,high school,standard,none,50,53,55,52.666666666666664,158,Average,2.516611478423583,0,36.86666666666666,2,1,2,-4.0,0
female,group D,some college,standard,completed,69,79,81,76.33333333333333,229,Good,6.429100507328636,1,83.43333333333334,3,1,2,-11.0,1
male,group C,some high school,free/reduced,completed,51,56,53,53.333333333333336,160,Average,2.516611478423583,1,67.33333333333334,1,0,3,-3.5,0
female,group A,high school,standard,completed,68,80,76,74.66666666666667,224,Good,6.110100926607787,1,82.26666666666667,2,1,4,-10.0,0
female,group D,some college,standard,completed,85,86,98,89.66666666666667,269,Excellent,7.234178138070235,1,92.76666666666667,3,1,12,-7.0,1
female,group A,associate's degree,standard,completed,65,70,74,69.66666666666667,209,Average,4.509249752822894,1,78.76666666666667,4,1,4,-7.0,0
female,group B,some high school,standard,none,73,79,79,77.0,231,Good,3.4641016151377544,0,53.9,1,1,0,-6.0,1
female,group B,some college,standard,none,62,67,67,65.33333333333333,196,Average,2.8867513459481287,0,45.73333333333333,3,1,0,-5.0,0
male,group C,associate's degree,free/reduced,none,77,67,64,69.33333333333333,208,Average,6.8068592855540455,0,48.533333333333324,4,0,3,11.5,0
male,group D,some high school,standard,none,69,66,61,65.33333333333333,196,Average,4.041451884327381,0,45.73333333333333,1,1,5,5.5,0
female,group D,associate's degree,free/reduced,none,43,60,58,53.666666666666664,161,Average,9.291573243177568,0,37.56666666666666,4,0,2,-16.0,0
male,group D,associate's degree,standard,none,90,87,85,87.33333333333333,262,Excellent,2.5166114784235836,0,61.133333333333326,4,1,2,4.0,1
male,group C,some college,free/reduced,none,74,77,73,74.66666666666667,224,Good,2.081665999466133,0,52.266666666666666,3,0,4,-1.0,0
male,group C,some high school,standard,none,73,66,63,67.33333333333333,202,Average,5.131601439446884,0,47.133333333333326,1,1,3,8.5,0
female,group D,some college,free/reduced,none,55,71,69,65.0,195,Average,8.717797887081348,0,45.5,3,0,2,-15.0,0
female,group C,high school,standard,none,65,69,67,67.0,201,Average,2.0,0,46.9,2,1,2,-3.0,0
male,group D,associate's degree,standard,none,80,63,63,68.66666666666667,206,Average,9.814954576223638,0,48.06666666666667,4,1,0,17.0,0
female,group C,some high school,free/reduced,completed,50,60,60,56.666666666666664,170,Average,5.773502691896258,1,69.66666666666666,1,0,0,-10.0,0
female,group C,some college,free/reduced,completed,63,73,71,69.0,207,Average,5.291502622129181,1,78.3,3,0,2,-9.0,0
female,group B,bachelor's degree,free/reduced,none,77,85,87,83.0,249,Good,5.291502622129181,0,58.099999999999994,5,0,2,-9.0,1
male,group C,some college,standard,none,73,74,61,69.33333333333333,208,Average,7.234178138070235,0,48.533333333333324,3,1,13,5.5,0
male,group D,associate's degree,standard,completed,81,72,77,76.66666666666667,230,Good,4.509249752822894,1,83.66666666666666,4,1,5,6.5,1
female,group C,high school,free/reduced,none,66,76,68,70.0,210,Good,5.291502622129181,0,49.0,2,0,8,-6.0,0
male,group D,associate's degree,free/reduced,none,52,57,50,53.0,159,Average,3.605551275463989,0,37.099999999999994,4,0,7,-1.5,0
female,group C,some college,standard,none,69,78,76,74.33333333333333,223,Good,4.725815626252608,0,52.033333333333324,3,1,2,-8.0,0
female,group C,associate's degree,standard,completed,65,84,84,77.66666666666667,233,Good,10.96965511460289,1,84.36666666666667,4,1,0,-19.0,1
female,group D,high school,standard,completed,69,77,78,74.66666666666667,224,Good,4.932882862316247,1,82.26666666666667,2,1,1,-8.5,0
female,group B,some college,standard,completed,50,64,66,60.0,180,Average,8.717797887081348,1,72.0,3,1,2,-15.0,0
female,group E,some college,standard,completed,73,78,76,75.66666666666667,227,Good,2.516611478423583,1,82.96666666666667,3,1,2,-4.0,1
female,group C,some high school,standard,completed,70,82,76,76.0,228,Good,6.0,1,83.19999999999999,1,1,6,-9.0,1
male,group D,associate's degree,free/reduced,none,81,75,78,78.0,234,Good,3.0,0,54.599999999999994,4,0,3,4.5,1
male,group D,some college,free/reduced,none,63,61,60,61.333333333333336,184,Average,1.5275252316519465,0,42.93333333333333,3,0,1,2.5,0
female,group D,high school,standard,none,67,72,74,71.0,213,Good,3.605551275463989,0,49.699999999999996,2,1,2,-6.0,0
male,group B,high school,standard,none,60,68,60,62.666666666666664,188,Average,4.618802153517007,0,43.86666666666666,2,1,8,-4.0,0
male,group B,high school,standard,none,62,55,54,57.0,171,Average,4.358898943540674,0,39.9,2,1,1,7.5,0
female,group C,some high school,free/reduced,completed,29,40,44,37.666666666666664,113,Poor,7.767453465154029,1,56.36666666666666,1,0,4,-13.0,0
male,group B,some college,standard,completed,62,66,68,65.33333333333333,196,Average,3.055050463303893,1,75.73333333333332,3,1,2,-5.0,0
female,group E,master's degree,standard,completed,94,99,100,97.66666666666667,293,Excellent,3.214550253664318,1,98.36666666666666,6,1,1,-5.5,1
male,group E,some college,standard,completed,85,75,68,76.0,228,Good,8.54400374531753,1,83.19999999999999,3,1,7,13.5,1
male,group D,associate's degree,free/reduced,none,77,78,73,76.0,228,Good,2.6457513110645907,0,53.199999999999996,4,0,5,1.5,1
male,group A,high school,free/reduced,none,53,58,44,51.666666666666664,155,Average,7.094598884597588,0,36.166666666666664,2,0,14,2.0,0
male,group E,some college,free/reduced,none,93,90,83,88.66666666666667,266,Excellent,5.131601439446884,0,62.06666666666666,3,0,7,6.5,1
female,group C,associate's degree,standard,none,49,53,53,51.666666666666664,155,Average,2.309401076758503,0,36.166666666666664,4,1,0,-4.0,0
female,group E,associate's degree,free/reduced,none,73,76,78,75.66666666666667,227,Good,2.5166114784235836,0,52.96666666666667,4,0,2,-4.0,1
female,group C,bachelor's degree,free/reduced,completed,66,74,81,73.66666666666667,221,Good,7.505553499465135,1,81.56666666666666,5,0,7,-11.5,0
female,group D,associate's degree,standard,none,77,77,73,75.66666666666667,227,Good,2.3094010767585034,0,52.96666666666667,4,1,4,2.0,1
female,group C,some high school,standard,none,49,63,56,56.0,168,Average,7.0,0,39.199999999999996,1,1,7,-10.5,0
female,group D,some college,free/reduced,none,79,89,86,84.66666666666667,254,Good,5.131601439446884,0,59.266666666666666,3,0,3,-8.5,1
female,group C,associate's degree,standard,completed,75,82,90,82.33333333333333,247,Good,7.505553499465135,1,87.63333333333333,4,1,8,-11.0,1
female,group A,bachelor's degree,standard,none,59,72,70,67.0,201,Average,7.0,0,46.9,5,1,2,-12.0,0
female,group D,associate's degree,standard,completed,57,78,79,71.33333333333333,214,Good,12.42309676905615,1,79.93333333333334,4,1,1,-21.5,0
male,group C,high school,free/reduced,none,66,66,59,63.666666666666664,191,Average,4.041451884327381,0,44.56666666666666,2,0,7,3.5,0
female,group E,bachelor's degree,standard,completed,79,81,82,80.66666666666667,242,Good,1.5275252316519468,1,86.46666666666667,5,1,1,-2.5,1
female,group B,some high school,standard,none,57,67,72,65.33333333333333,196,Average,7.637626158259734,0,45.73333333333333,1,1,5,-12.5,0
male,group A,bachelor's degree,standard,completed,87,84,87,86.0,258,Excellent,1.7320508075688772,1,90.19999999999999,5,1,3,1.5,1
female,group D,some college,standard,none,63,64,67,64.66666666666667,194,Average,2.081665999466133,0,45.266666666666666,3,1,3,-2.5,0
female,group B,some high school,free/reduced,completed,59,63,64,62.0,186,Average,2.6457513110645907,1,73.4,1,0,1,-4.5,0
male,group A,bachelor's degree,free/reduced,none,62,72,65,66.33333333333333,199,Average,5.131601439446884,0,46.43333333333333,5,0,7,-6.5,0
male,group D,high school,standard,none,46,34,36,38.666666666666664,116,Poor,6.429100507328637,0,27.066666666666663,2,1,2,11.0,0
male,group C,some college,standard,none,66,59,52,59.0,177,Average,7.0,0,41.3,3,1,7,10.5,0
male,group D,high school,standard,none,89,87,79,85.0,255,Excellent,5.291502622129181,0,59.49999999999999,2,1,8,6.0,1
female,group D,associate's degree,free/reduced,completed,42,61,58,53.666666666666664,161,Average,10.214368964029708,1,67.56666666666666,4,0,3,-17.5,0
male,group C,some college,standard,completed,93,84,90,89.0,267,Excellent,4.58257569495584,1,92.3,3,1,6,6.0,1
female,group E,some high school,standard,completed,80,85,85,83.33333333333333,250,Good,2.8867513459481287,1,88.33333333333333,1,1,0,-5.0,1
female,group D,some college,standard,none,98,100,99,99.0,297,Excellent,1.0,0,69.3,3,1,1,-1.5,1
male,group D,master's degree,standard,none,81,81,84,82.0,246,Good,1.7320508075688772,0,57.4,6,1,3,-1.5,1
female,group B,some high school,standard,completed,60,70,74,68.0,204,Average,7.211102550927978,1,77.6,1,1,4,-12.0,0
female,group B,associate's degree,free/reduced,completed,76,94,87,85.66666666666667,257,Excellent,9.073771725877467,1,89.96666666666667,4,0,7,-14.5,1
male,group C,associate's degree,standard,completed,73,78,72,74.33333333333333,223,Good,3.214550253664318,1,82.03333333333333,4,1,6,-2.0,0
female,group C,associate's degree,standard,completed,96,96,99,97.0,291,Excellent,1.7320508075688772,1,97.89999999999999,4,1,3,-1.5,1
female,group C,high school,standard,none,76,76,74,75.33333333333333,226,Good,1.1547005383792517,0,52.73333333333333,2,1,2,1.0,1
male,group E,associate's degree,free/reduced,completed,91,73,80,81.33333333333333,244,Good,9.073771725877467,1,86.93333333333332,4,0,7,14.5,1
female,group C,some college,free/reduced,none,62,72,70,68.0,204,Average,5.291502622129181,0,47.599999999999994,3,0,2,-9.0,0
male,group D,some high school,free/reduced,completed,55,59,59,57.666666666666664,173,Average,2.309401076758503,1,70.36666666666666,1,0,0,-4.0,0
female,group B,some high school,free/reduced,completed,74,90,88,84.0,252,Good,8.717797887081348,1,88.8,1,0,2,-15.0,1
male,group C,high school,standard,none,50,48,42,46.666666666666664,140,Poor,4.163331998932266,0,32.666666666666664,2,1,6,5.0,0
male,group B,some college,standard,none,47,43,41,43.666666666666664,131,Poor,3.055050463303893,0,30.566666666666663,3,1,2,5.0,0
male,group E,some college,standard,completed,81,74,71,75.33333333333333,226,Good,5.131601439446884,1,82.73333333333332,3,1,3,8.5,1
female,group E,associate's degree,standard,completed,65,75,77,72.33333333333333,217,Good,6.429100507328636,1,80.63333333333333,4,1,2,-11.0,0
male,group E,some high school,standard,completed,68,51,57,58.666666666666664,176,Average,8.621678104251709,1,71.06666666666666,1,1,6,14.0,0
female,group D,high school,free/reduced,none,73,92,84,83.0,249,Good,9.539392014169456,0,58.099999999999994,2,0,8,-15.0,1
male,group C,some college,standard,none,53,39,37,43.0,129,Poor,8.717797887081348,0,30.099999999999998,3,1,2,15.0,0
female,group B,associate's degree,free/reduced,completed,68,77,80,75.0,225,Good,6.244997998398398,1,82.5,4,0,3,-10.5,1
male,group A,some high school,free/reduced,none,55,46,43,48.0,144,Poor,6.244997998398398,0,33.599999999999994,1,0,3,10.5,0
female,group C,some college,standard,completed,87,89,94,90.0,270,Excellent,3.605551275463989,1,93.0,3,1,5,-4.5,1
male,group D,some high school,standard,none,55,47,44,48.666666666666664,146,Poor,5.686240703077327,0,34.06666666666666,1,1,3,9.5,0
female,group E,some college,free/reduced,none,53,58,57,56.0,168,Average,2.6457513110645907,0,39.199999999999996,3,0,1,-4.5,0
male,group C,master's degree,standard,none,67,57,59,61.0,183,Average,5.291502622129181,0,42.699999999999996,6,1,2,9.0,0
male,group C,associate's degree,standard,none,92,79,84,85.0,255,Excellent,6.557438524302,0,59.49999999999999,4,1,5,10.5,1
female,group B,some college,free/reduced,completed,53,66,73,64.0,192,Average,10.14889156509222,1,74.8,3,0,7,-16.5,0
male,group D,associate's degree,standard,none,81,71,73,75.0,225,Good,5.291502622129181,0,52.5,4,1,2,9.0,1
male,group C,high school,free/reduced,none,61,60,55,58.666666666666664,176,Average,3.214550253664318,0,41.06666666666666,2,0,5,3.5,0
male,group D,bachelor's degree,standard,none,80,73,72,75.0,225,Good,4.358898943540674,0,52.5,5,1,1,7.5,1
female,group A,associate's degree,free/reduced,none,37,57,56,50.0,150,Average,11.269427669584644,0,35.0,4,0,1,-19.5,0
female,group C,high school,standard,none,81,84,82,82.33333333333333,247,Good,1.5275252316519468,0,57.633333333333326,2,1,2,-2.0,1
female,group C,associate's degree,standard,completed,59,73,72,68.0,204,Average,7.810249675906654,1,77.6,4,1,1,-13.5,0
male,group B,some college,free/reduced,none,55,55,47,52.333333333333336,157,Average,4.618802153517007,0,36.63333333333333,3,0,8,4.0,0
male,group D,associate's degree,standard,none,72,79,74,75.0,225,Good,3.605551275463989,0,52.5,4,1,5,-4.5,1
male,group D,high school,standard,none,69,75,71,71.66666666666667,215,Good,3.055050463303893,0,50.166666666666664,2,1,4,-4.0,0
male,group C,some college,standard,none,69,64,68,67.0,201,Average,2.6457513110645907,0,46.9,3,1,4,3.0,0
female,group C,bachelor's degree,free/reduced,none,50,60,59,56.333333333333336,169,Average,5.507570547286102,0,39.43333333333333,5,0,1,-9.5,0
male,group B,some college,standard,completed,87,84,86,85.66666666666667,257,Excellent,1.5275252316519468,1,89.96666666666667,3,1,2,2.0,1
male,group D,some high school,standard,completed,71,69,68,69.33333333333333,208,Average,1.5275252316519468,1,78.53333333333333,1,1,1,2.5,0
male,group E,some college,standard,none,68,72,65,68.33333333333333,205,Average,3.511884584284246,0,47.83333333333333,3,1,7,-0.5,0
male,group C,master's degree,free/reduced,completed,79,77,75,77.0,231,Good,2.0,1,83.9,6,0,2,3.0,1
female,group C,some high school,standard,completed,77,90,85,84.0,252,Good,6.557438524302,1,88.8,1,1,5,-10.5,1
male,group C,associate's degree,free/reduced,none,58,55,53,55.333333333333336,166,Average,2.516611478423583,0,38.733333333333334,4,0,2,4.0,0
female,group E,associate's degree,standard,none,84,95,92,90.33333333333333,271,Excellent,5.686240703077327,0,63.23333333333333,4,1,3,-9.5,1
male,group D,some college,standard,none,55,58,52,55.0,165,Average,3.0,0,38.5,3,1,6,0.0,0
male,group E,bachelor's degree,free/reduced,completed,70,68,72,70.0,210,Good,2.0,1,79.0,5,0,4,0.0,0
female,group D,some college,free/reduced,completed,52,59,65,58.666666666666664,176,Average,6.506407098647712,1,71.06666666666666,3,0,6,-10.0,0
male,group B,some college,standard,completed,69,77,77,74.33333333333333,223,Good,4.618802153517006,1,82.03333333333333,3,1,0,-8.0,0
female,group C,high school,free/reduced,none,53,72,64,63.0,189,Average,9.539392014169456,0,44.099999999999994,2,0,8,-15.0,0
female,group D,some high school,standard,none,48,58,54,53.333333333333336,160,Average,5.033222956847167,0,37.333333333333336,1,1,4,-8.0,0
male,group D,some high school,standard,completed,78,81,86,81.66666666666667,245,Good,4.041451884327381,1,87.16666666666666,1,1,5,-5.5,1
female,group B,high school,standard,none,62,62,63,62.333333333333336,187,Average,0.5773502691896258,0,43.63333333333333,2,1,1,-0.5,0
male,group D,some college,standard,none,60,63,59,60.666666666666664,182,Average,2.0816659994661326,0,42.46666666666666,3,1,4,-1.0,0
female,group B,high school,standard,none,74,72,72,72.66666666666667,218,Good,1.1547005383792517,0,50.86666666666667,2,1,0,2.0,0
female,group C,high school,standard,completed,58,75,77,70.0,210,Good,10.44030650891055,1,79.0,2,1,2,-18.0,0
male,group B,high school,standard,completed,76,62,60,66.0,198,Average,8.717797887081348,1,76.19999999999999,2,1,2,15.0,0
female,group D,some high school,standard,none,68,71,75,71.33333333333333,214,Good,3.511884584284246,0,49.93333333333333,1,1,4,-5.0,0
male,group A,some college,free/reduced,none,58,60,57,58.333333333333336,175,Average,1.5275252316519465,0,40.833333333333336,3,0,3,-0.5,0
male,group B,high school,standard,none,52,48,49,49.666666666666664,149,Poor,2.0816659994661326,0,34.766666666666666,2,1,1,3.5,0
male,group D,bachelor's degree,standard,none,75,73,74,74.0,222,Good,1.0,0,51.8,5,1,1,1.5,0
female,group B,some high school,free/reduced,completed,52,67,72,63.666666666666664,191,Average,10.408329997330663,1,74.56666666666666,1,0,5,-17.5,0
female,group C,bachelor's degree,free/reduced,none,62,78,79,73.0,219,Good,9.539392014169456,0,51.099999999999994,5,0,1,-16.5,0
male,group B,some college,standard,none,66,65,60,63.666666666666664,191,Average,3.214550253664318,0,44.56666666666666,3,1,5,3.5,0
female,group B,some high school,free/reduced,none,49,58,55,54.0,162,Average,4.58257569495584,0,37.8,1,0,3,-7.5,0
female,group B,high school,standard,none,66,72,70,69.33333333333333,208,Average,3.055050463303893,0,48.533333333333324,2,1,2,-5.0,0
female,group C,some college,free/reduced,none,35,44,43,40.666666666666664,122,Poor,4.932882862316248,0,28.46666666666666,3,0,1,-8.5,0
female,group A,some college,standard,completed,72,79,82,77.66666666666667,233,Good,5.131601439446884,1,84.36666666666667,3,1,3,-8.5,1
male,group E,associate's degree,standard,completed,94,85,82,87.0,261,Excellent,6.244997998398398,1,90.9,4,1,3,10.5,1
female,group D,associate's degree,free/reduced,none,46,56,57,53.0,159,Average,6.082762530298219,0,37.099999999999994,4,0,1,-10.5,0
female,group B,master's degree,standard,none,77,90,84,83.66666666666667,251,Good,6.506407098647712,0,58.56666666666666,6,1,6,-10.0,1
female,group B,high school,free/reduced,completed,76,85,82,81.0,243,Good,4.58257569495584,1,86.69999999999999,2,0,3,-7.5,1
female,group C,associate's degree,standard,completed,52,59,62,57.666666666666664,173,Average,5.131601439446884,1,70.36666666666666,4,1,3,-8.5,0
male,group C,bachelor's degree,standard,completed,91,81,79,83.66666666666667,251,Good,6.429100507328636,1,88.56666666666666,5,1,2,11.0,1
female,group B,some high school,standard,completed,32,51,44,42.333333333333336,127,Poor,9.60902353693305,1,59.63333333333333,1,1,7,-15.5,0
female,group E,some high school,free/reduced,none,72,79,77,76.0,228,Good,3.605551275463989,0,53.199999999999996,1,0,2,-6.0,1
female,group B,some college,standard,none,19,38,32,29.666666666666668,89,Poor,9.71253485622231,0,20.766666666666666,3,1,6,-16.0,0
male,group C,associate's degree,free/reduced,none,68,65,61,64.66666666666667,194,Average,3.511884584284246,0,45.266666666666666,4,0,4,5.0,0
female,group C,master's degree,free/reduced,none,52,65,61,59.333333333333336,178,Average,6.658328118479393,0,41.53333333333333,6,0,4,-11.0,0
female,group B,high school,standard,none,48,62,60,56.666666666666664,170,Average,7.571877794400365,0,39.666666666666664,2,1,2,-13.0,0
female,group D,some college,free/reduced,none,60,66,70,65.33333333333333,196,Average,5.033222956847166,0,45.73333333333333,3,0,4,-8.0,0
male,group D,high school,free/reduced,none,66,74,69,69.66666666666667,209,Average,4.041451884327381,0,48.766666666666666,2,0,5,-5.5,0
male,group E,some high school,standard,completed,89,84,77,83.33333333333333,250,Good,6.027713773341707,1,88.33333333333333,1,1,7,8.5,1
female,group B,high school,standard,none,42,52,51,48.333333333333336,145,Poor,5.507570547286102,0,33.833333333333336,2,1,1,-9.5,0
female,group E,associate's degree,free/reduced,completed,57,68,73,66.0,198,Average,8.18535277187245,1,76.19999999999999,4,0,5,-13.5,0
male,group D,high school,standard,none,70,70,70,70.0,210,Good,0.0,0,49.0,2,1,0,0.0,0
female,group E,associate's degree,free/reduced,none,70,84,81,78.33333333333333,235,Good,7.3711147958319945,0,54.83333333333333,4,0,3,-12.5,1
male,group E,some college,standard,none,69,60,54,61.0,183,Average,7.54983443527075,0,42.699999999999996,3,1,6,12.0,0
female,group C,associate's degree,standard,none,52,55,57,54.666666666666664,164,Average,2.516611478423583,0,38.266666666666666,4,1,2,-4.0,0
male,group C,some high school,standard,completed,67,73,68,69.33333333333333,208,Average,3.214550253664318,1,78.53333333333333,1,1,5,-3.5,0
male,group C,some high school,standard,completed,76,80,73,76.33333333333333,229,Good,3.511884584284246,1,83.43333333333334,1,1,7,-0.5,1
female,group E,associate's degree,standard,none,87,94,95,92.0,276,Excellent,4.358898943540674,0,64.39999999999999,4,1,1,-7.5,1
female,group B,some college,standard,none,82,85,87,84.66666666666667,254,Good,2.5166114784235836,0,59.266666666666666,3,1,2,-4.0,1
female,group C,some college,standard,none,73,76,78,75.66666666666667,227,Good,2.5166114784235836,0,52.96666666666667,3,1,2,-4.0,1
male,group A,some college,free/reduced,none,75,81,74,76.66666666666667,230,Good,3.7859388972001824,0,53.666666666666664,3,0,7,-2.5,1
female,group D,some college,free/reduced,none,64,74,75,71.0,213,Good,6.082762530298219,0,49.699999999999996,3,0,1,-10.5,0
female,group E,high school,free/reduced,none,41,45,40,42.0,126,Poor,2.6457513110645907,0,29.4,2,0,5,-1.5,0
male,group C,high school,standard,none,90,75,69,78.0,234,Good,10.816653826391969,0,54.599999999999994,2,1,6,18.0,1
male,group B,bachelor's degree,standard,none,59,54,51,54.666666666666664,164,Average,4.041451884327381,0,38.266666666666666,5,1,3,6.5,0
male,group A,some high school,standard,none,51,31,36,39.333333333333336,118,Poor,10.408329997330663,0,27.533333333333335,1,1,5,17.5,0
male,group A,high school,free/reduced,none,45,47,49,47.0,141,Poor,2.0,0,32.9,2,0,2,-3.0,0
female,group C,master's degree,standard,completed,54,64,67,61.666666666666664,185,Average,6.8068592855540455,1,73.16666666666666,6,1,3,-11.5,0
male,group E,some high school,standard,completed,87,84,76,82.33333333333333,247,Good,5.686240703077327,1,87.63333333333333,1,1,8,7.0,1
female,group C,high school,standard,none,72,80,83,78.33333333333333,235,Good,5.686240703077327,0,54.83333333333333,2,1,3,-9.5,1
male,group B,some high school,standard,completed,94,86,87,89.0,267,Excellent,4.358898943540674,1,92.3,1,1,1,7.5,1
female,group A,bachelor's degree,standard,none,45,59,64,56.0,168,Average,9.848857801796104,0,39.199999999999996,5,1,5,-16.5,0
male,group D,bachelor's degree,free/reduced,completed,61,70,76,69.0,207,Average,7.54983443527075,1,78.3,5,0,6,-12.0,0
female,group B,high school,free/reduced,none,60,72,68,66.66666666666667,200,Average,6.110100926607787,0,46.666666666666664,2,0,4,-10.0,0
female,group C,some high school,standard,none,77,91,88,85.33333333333333,256,Excellent,7.3711147958319945,0,59.73333333333333,1,1,3,-12.5,1
female,group A,some high school,standard,completed,85,90,92,89.0,267,Excellent,3.605551275463989,1,92.3,1,1,2,-6.0,1
female,group D,bachelor's degree,free/reduced,none,78,90,93,87.0,261,Excellent,7.937253933193772,0,60.9,5,0,3,-13.5,1
male,group E,some college,free/reduced,completed,49,52,51,50.666666666666664,152,Average,1.5275252316519465,1,65.46666666666667,3,0,1,-2.5,0
female,group B,high school,free/reduced,none,71,87,82,80.0,240,Good,8.18535277187245,0,56.0,2,0,5,-13.5,1
female,group C,some high school,free/reduced,none,48,58,52,52.666666666666664,158,Average,5.033222956847167,0,36.86666666666666,1,0,6,-7.0,0
male,group C,high school,standard,none,62,67,58,62.333333333333336,187,Average,4.509249752822894,0,43.63333333333333,2,1,9,-0.5,0
female,group C,associate's degree,free/reduced,completed,56,68,70,64.66666666666667,194,Average,7.571877794400366,1,75.26666666666667,4,0,2,-13.0,0
female,group C,some high school,standard,none,65,69,76,70.0,210,Good,5.5677643628300215,0,49.0,1,1,7,-7.5,0
female,group D,some high school,free/reduced,completed,69,86,81,78.66666666666667,236,Good,8.736894948054106,1,85.06666666666666,1,0,5,-14.5,1
male,group B,some high school,standard,none,68,54,53,58.333333333333336,175,Average,8.386497083606084,0,40.833333333333336,1,1,1,14.5,0
female,group A,some college,free/reduced,none,61,60,57,59.333333333333336,178,Average,2.0816659994661326,0,41.53333333333333,3,0,3,2.5,0
female,group C,bachelor's degree,free/reduced,completed,74,86,89,83.0,249,Good,7.937253933193772,1,88.1,5,0,3,-13.5,1
male,group A,bachelor's degree,standard,none,64,60,58,60.666666666666664,182,Average,3.055050463303893,0,42.46666666666666,5,1,2,5.0,0
female,group B,high school,standard,completed,77,82,89,82.66666666666667,248,Good,6.027713773341707,1,87.86666666666667,2,1,7,-8.5,1
male,group B,some college,standard,none,58,50,45,51.0,153,Average,6.557438524302,0,35.699999999999996,3,1,5,10.5,0
female,group C,high school,standard,completed,60,64,74,66.0,198,Average,7.211102550927978,1,76.19999999999999,2,1,10,-9.0,0
male,group E,high school,standard,none,73,64,57,64.66666666666667,194,Average,8.020806277010644,0,45.266666666666666,2,1,7,12.5,0
female,group A,high school,standard,completed,75,82,79,78.66666666666667,236,Good,3.511884584284246,1,85.06666666666666,2,1,3,-5.5,1
male,group B,associate's degree,free/reduced,completed,58,57,53,56.0,168,Average,2.6457513110645907,1,69.19999999999999,4,0,4,3.0,0
female,group C,associate's degree,standard,none,66,77,73,72.0,216,Good,5.5677643628300215,0,50.4,4,1,4,-9.0,0
female,group D,high school,free/reduced,none,39,52,46,45.666666666666664,137,Poor,6.506407098647712,0,31.96666666666666,2,0,6,-10.0,0
male,group C,some high school,standard,none,64,58,51,57.666666666666664,173,Average,6.506407098647712,0,40.36666666666666,1,1,7,9.5,0
female,group B,high school,free/reduced,completed,23,44,36,34.333333333333336,103,Poor,10.598742063723098,1,54.03333333333333,2,0,8,-17.0,0
male,group B,some college,free/reduced,completed,74,77,76,75.66666666666667,227,Good,1.5275252316519468,1,82.96666666666667,3,0,1,-2.5,1
female,group D,some high school,free/reduced,completed,40,65,64,56.333333333333336,169,Average,14.153915830374762,1,69.43333333333334,1,0,1,-24.5,0
male,group E,master's degree,standard,none,90,85,84,86.33333333333333,259,Excellent,3.214550253664318,0,60.43333333333332,6,1,1,5.5,1
male,group C,master's degree,standard,completed,91,85,85,87.0,261,Excellent,3.4641016151377544,1,90.9,6,1,0,6.0,1
male,group D,high school,standard,none,64,54,50,56.0,168,Average,7.211102550927978,0,39.199999999999996,2,1,4,12.0,0
female,group C,high school,standard,none,59,72,68,66.33333333333333,199,Average,6.658328118479393,0,46.43333333333333,2,1,4,-11.0,0
male,group D,associate's degree,standard,none,80,75,69,74.66666666666667,224,Good,5.507570547286102,0,52.266666666666666,4,1,6,8.0,0
male,group C,master's degree,standard,none,71,67,67,68.33333333333333,205,Average,2.3094010767585034,0,47.83333333333333,6,1,0,4.0,0
female,group A,high school,standard,none,61,68,63,64.0,192,Average,3.605551275463989,0,44.8,2,1,5,-4.5,0
female,group E,some college,standard,none,87,85,93,88.33333333333333,265,Excellent,4.163331998932265,0,61.83333333333333,3,1,8,-2.0,1
male,group E,some high school,standard,none,82,67,61,70.0,210,Good,10.816653826391969,0,49.0,1,1,6,18.0,0
male,group C,some high school,standard,none,62,64,55,60.333333333333336,181,Average,4.725815626252609,0,42.233333333333334,1,1,9,2.5,0
female,group B,bachelor's degree,standard,none,97,97,96,96.66666666666667,290,Excellent,0.5773502691896257,0,67.66666666666667,5,1,1,0.5,1
male,group B,some college,free/reduced,none,75,68,65,69.33333333333333,208,Average,5.131601439446884,0,48.533333333333324,3,0,3,8.5,0
female,group C,bachelor's degree,standard,none,65,79,81,75.0,225,Good,8.717797887081348,0,52.5,5,1,2,-15.0,1
male,group B,high school,standard,completed,52,49,46,49.0,147,Poor,3.0,1,64.3,2,1,3,4.5,0
male,group C,associate's degree,free/reduced,none,87,73,72,77.33333333333333,232,Good,8.386497083606084,0,54.133333333333326,4,0,1,14.5,1
female,group C,associate's degree,standard,none,53,62,53,56.0,168,Average,5.196152422706632,0,39.199999999999996,4,1,9,-4.5,0
female,group E,master's degree,free/reduced,none,81,86,87,84.66666666666667,254,Good,3.214550253664318,0,59.266666666666666,6,0,1,-5.5,1
male,group D,bachelor's degree,free/reduced,completed,39,42,38,39.666666666666664,119,Poor,2.0816659994661326,1,57.766666666666666,5,0,4,-1.0,0
female,group C,some college,standard,completed,71,71,80,74.0,222,Good,5.196152422706632,1,81.8,3,1,9,-4.5,0
male,group C,associate's degree,standard,none,97,93,91,93.66666666666667,281,Excellent,3.055050463303893,0,65.56666666666666,4,1,2,5.0,1
male,group D,some college,standard,completed,82,82,88,84.0,252,Good,3.4641016151377544,1,88.8,3,1,6,-3.0,1
male,group C,high school,free/reduced,none,59,53,52,54.666666666666664,164,Average,3.785938897200183,0,38.266666666666666,2,0,1,6.5,0
male,group B,associate's degree,standard,none,61,42,41,48.0,144,Poor,11.269427669584644,0,33.599999999999994,4,1,1,19.5,0
male,group E,associate's degree,free/reduced,completed,78,74,72,74.66666666666667,224,Good,3.055050463303893,1,82.26666666666667,4,0,2,5.0,0
male,group C,associate's degree,free/reduced,none,49,51,51,50.333333333333336,151,Average,1.1547005383792517,0,35.233333333333334,4,0,0,-2.0,0
male,group B,high school,standard,none,59,58,47,54.666666666666664,164,Average,6.658328118479393,0,38.266666666666666,2,1,11,6.5,0
female,group C,some college,standard,completed,70,72,76,72.66666666666667,218,Good,3.055050463303893,1,80.86666666666667,3,1,4,-4.0,0
male,group B,associate's degree,standard,completed,82,84,78,81.33333333333333,244,Good,3.055050463303893,1,86.93333333333332,4,1,6,1.0,1
male,group E,associate's degree,free/reduced,none,90,90,82,87.33333333333333,262,Excellent,4.618802153517006,0,61.133333333333326,4,0,8,4.0,1
female,group C,bachelor's degree,free/reduced,none,43,62,61,55.333333333333336,166,Average,10.692676621563628,0,38.733333333333334,5,0,1,-18.5,0
male,group C,some college,free/reduced,none,80,64,66,70.0,210,Good,8.717797887081348,0,49.0,3,0,2,15.0,0
male,group D,some college,standard,none,81,82,84,82.33333333333333,247,Good,1.5275252316519468,0,57.633333333333326,3,1,2,-2.0,1
male,group C,some high school,standard,none,57,61,54,57.333333333333336,172,Average,3.511884584284246,0,40.13333333333333,1,1,7,-0.5,0
female,group D,some high school,standard,none,59,72,80,70.33333333333333,211,Good,10.598742063723098,0,49.23333333333333,1,1,8,-17.0,0
female,group D,associate's degree,standard,none,64,76,74,71.33333333333333,214,Good,6.429100507328637,0,49.93333333333333,4,1,2,-11.0,0
male,group C,bachelor's degree,standard,completed,63,64,66,64.33333333333333,193,Average,1.5275252316519468,1,75.03333333333333,5,1,2,-2.0,0
female,group E,bachelor's degree,standard,completed,71,70,70,70.33333333333333,211,Good,0.5773502691896257,1,79.23333333333332,5,1,0,1.0,0
female,group B,high school,free/reduced,none,64,73,71,69.33333333333333,208,Average,4.725815626252608,0,48.533333333333324,2,0,2,-8.0,0
male,group D,bachelor's degree,free/reduced,none,55,46,44,48.333333333333336,145,Poor,5.8594652770823155,0,33.833333333333336,5,0,2,10.0,0
female,group E,associate's degree,standard,none,51,51,54,52.0,156,Average,1.7320508075688772,0,36.4,4,1,3,-1.5,0
female,group C,associate's degree,standard,completed,62,76,80,72.66666666666667,218,Good,9.451631252505218,1,80.86666666666667,4,1,4,-16.0,0
female,group E,associate's degree,standard,completed,93,100,95,96.0,288,Excellent,3.605551275463989,1,97.19999999999999,4,1,5,-4.5,1
male,group C,high school,free/reduced,none,54,72,59,61.666666666666664,185,Average,9.291573243177568,0,43.166666666666664,2,0,13,-11.5,0
female,group D,some college,free/reduced,none,69,65,74,69.33333333333333,208,Average,4.509249752822894,0,48.533333333333324,3,0,9,-0.5,0
male,group D,high school,free/reduced,none,44,51,48,47.666666666666664,143,Poor,3.5118845842842465,0,33.36666666666666,2,0,3,-5.5,0
female,group E,some college,standard,completed,86,85,91,87.33333333333333,262,Excellent,3.214550253664318,1,91.13333333333333,3,1,6,-2.0,1
female,group E,associate's degree,standard,none,85,92,85,87.33333333333333,262,Excellent,4.041451884327381,0,61.133333333333326,4,1,7,-3.5,1
female,group A,master's degree,free/reduced,none,50,67,73,63.333333333333336,190,Average,11.930353445448853,0,44.333333333333336,6,0,6,-20.0,0
male,group D,some high school,standard,completed,88,74,75,79.0,237,Good,7.810249675906654,1,85.3,1,1,1,13.5,1
female,group E,associate's degree,standard,none,59,62,69,63.333333333333336,190,Average,5.131601439446884,0,44.333333333333336,4,1,7,-6.5,0
female,group E,some high school,free/reduced,none,32,34,38,34.666666666666664,104,Poor,3.055050463303893,0,24.266666666666662,1,0,4,-4.0,0
male,group B,high school,free/reduced,none,36,29,27,30.666666666666668,92,Poor,4.725815626252609,0,21.466666666666665,2,0,2,8.0,0
female,group B,some high school,free/reduced,completed,63,78,79,73.33333333333333,220,Good,8.962886439832502,1,81.33333333333333,1,0,1,-15.5,0
male,group D,associate's degree,standard,completed,67,54,63,61.333333333333336,184,Average,6.658328118479393,1,72.93333333333334,4,1,9,8.5,0
female,group D,some high school,standard,completed,65,78,82,75.0,225,Good,8.888194417315589,1,82.5,1,1,4,-15.0,1
male,group D,master's degree,standard,none,85,84,89,86.0,258,Excellent,2.6457513110645907,0,60.199999999999996,6,1,5,-1.5,1
female,group C,master's degree,standard,none,73,78,74,75.0,225,Good,2.6457513110645907,0,52.5,6,1,4,-3.0,1
female,group A,high school,free/reduced,completed,34,48,41,41.0,123,Poor,7.0,1,58.7,2,0,7,-10.5,0
female,group D,bachelor's degree,free/reduced,completed,93,100,100,97.66666666666667,293,Excellent,4.041451884327381,1,98.36666666666666,5,0,0,-7.0,1
female,group D,some high school,free/reduced,none,67,84,84,78.33333333333333,235,Good,9.814954576223638,0,54.83333333333333,1,0,0,-17.0,1
male,group D,some college,standard,none,88,77,77,80.66666666666667,242,Good,6.350852961085883,0,56.46666666666667,3,1,0,11.0,1
male,group B,high school,standard,none,57,48,51,52.0,156,Average,4.58257569495584,0,36.4,2,1,3,7.5,0
female,group D,some college,standard,completed,79,84,91,84.66666666666667,254,Good,6.027713773341707,1,89.26666666666667,3,1,7,-8.5,1
female,group C,bachelor's degree,free/reduced,none,67,75,72,71.33333333333333,214,Good,4.041451884327381,0,49.93333333333333,5,0,3,-6.5,0
male,group E,bachelor's degree,standard,completed,70,64,70,68.0,204,Average,3.4641016151377544,1,77.6,5,1,6,3.0,0
male,group D,bachelor's degree,free/reduced,none,50,42,48,46.666666666666664,140,Poor,4.163331998932266,0,32.666666666666664,5,0,6,5.0,0
female,group A,some college,standard,none,69,84,82,78.33333333333333,235,Good,8.144527815247079,0,54.83333333333333,3,1,2,-14.0,1
female,group C,bachelor's degree,standard,completed,52,61,66,59.666666666666664,179,Average,7.094598884597588,1,71.76666666666667,5,1,5,-11.5,0
female,group C,bachelor's degree,free/reduced,completed,47,62,66,58.333333333333336,175,Average,10.016652800877813,1,70.83333333333334,5,0,4,-17.0,0
female,group B,associate's degree,free/reduced,none,46,61,55,54.0,162,Average,7.54983443527075,0,37.8,4,0,6,-12.0,0
female,group E,some college,standard,none,68,70,66,68.0,204,Average,2.0,0,47.599999999999994,3,1,4,0.0,0
male,group E,bachelor's degree,standard,completed,100,100,100,100.0,300,Excellent,0.0,1,100.0,5,1,0,0.0,1
female,group C,high school,standard,none,44,61,52,52.333333333333336,157,Average,8.504900548115382,0,36.63333333333333,2,1,9,-12.5,0
female,group C,associate's degree,standard,completed,57,77,80,71.33333333333333,214,Good,12.503332889007368,1,79.93333333333334,4,1,3,-21.5,0
male,group B,some college,standard,completed,91,96,91,92.66666666666667,278,Excellent,2.8867513459481287,1,94.86666666666666,3,1,5,-2.5,1
male,group D,high school,free/reduced,none,69,70,67,68.66666666666667,206,Average,1.5275252316519468,0,48.06666666666667,2,0,3,0.5,0
female,group C,high school,free/reduced,none,35,53,46,44.666666666666664,134,Poor,9.073771725877465,0,31.266666666666662,2,0,7,-14.5,0
male,group D,high school,standard,none,72,66,66,68.0,204,Average,3.4641016151377544,0,47.599999999999994,2,1,0,6.0,0
female,group B,associate's degree,free/reduced,none,54,65,65,61.333333333333336,184,Average,6.3508529610858835,0,42.93333333333333,4,0,0,-11.0,0
male,group D,high school,free/reduced,none,74,70,69,71.0,213,Good,2.6457513110645907,0,49.699999999999996,2,0,1,4.5,0
male,group E,some high school,standard,completed,74,64,60,66.0,198,Average,7.211102550927978,1,76.19999999999999,1,1,4,12.0,0
male,group E,associate's degree,free/reduced,none,64,56,52,57.333333333333336,172,Average,6.110100926607787,0,40.13333333333333,4,0,4,10.0,0
female,group D,high school,free/reduced,completed,65,61,71,65.66666666666667,197,Average,5.033222956847166,1,75.96666666666667,2,0,10,-1.0,0
male,group E,associate's degree,free/reduced,completed,46,43,44,44.333333333333336,133,Poor,1.5275252316519465,1,61.03333333333333,4,0,1,2.5,0
female,group C,some high school,free/reduced,none,48,56,51,51.666666666666664,155,Average,4.041451884327381,0,36.166666666666664,1,0,5,-5.5,0
male,group C,some college,free/reduced,completed,67,74,70,70.33333333333333,211,Good,3.511884584284246,1,79.23333333333332,3,0,4,-5.0,0
male,group D,some college,free/reduced,none,62,57,62,60.333333333333336,181,Average,2.8867513459481287,0,42.233333333333334,3,0,5,2.5,0
male,group D,associate's degree,free/reduced,completed,61,71,73,68.33333333333333,205,Average,6.429100507328636,1,77.83333333333333,4,0,2,-11.0,0
male,group C,bachelor's degree,free/reduced,completed,70,75,74,73.0,219,Good,2.6457513110645907,1,81.1,5,0,1,-4.5,0
male,group C,associate's degree,standard,completed,98,87,90,91.66666666666667,275,Excellent,5.686240703077327,1,94.16666666666667,4,1,3,9.5,1
male,group D,some college,free/reduced,none,70,63,58,63.666666666666664,191,Average,6.027713773341708,0,44.56666666666666,3,0,5,9.5,0
male,group A,associate's degree,standard,none,67,57,53,59.0,177,Average,7.211102550927978,0,41.3,4,1,4,12.0,0
female,group E,high school,free/reduced,none,57,58,57,57.333333333333336,172,Average,0.5773502691896258,0,40.13333333333333,2,0,1,-0.5,0
male,group D,some college,standard,completed,85,81,85,83.66666666666667,251,Good,2.3094010767585034,1,88.56666666666666,3,1,4,2.0,1
male,group D,some high school,standard,completed,77,68,69,71.33333333333333,214,Good,4.932882862316247,1,79.93333333333334,1,1,1,8.5,0
male,group C,master's degree,free/reduced,completed,72,66,72,70.0,210,Good,3.4641016151377544,1,79.0,6,0,6,3.0,0
female,group D,master's degree,standard,none,78,91,96,88.33333333333333,265,Excellent,9.29157324317757,0,61.83333333333333,6,1,5,-15.5,1
male,group C,high school,standard,none,81,66,64,70.33333333333333,211,Good,9.29157324317757,0,49.23333333333333,2,1,2,16.0,0
male,group A,some high school,free/reduced,completed,61,62,61,61.333333333333336,184,Average,0.5773502691896258,1,72.93333333333334,1,0,1,-0.5,0
female,group B,high school,standard,none,58,68,61,62.333333333333336,187,Average,5.131601439446884,0,43.63333333333333,2,1,7,-6.5,0
female,group C,associate's degree,standard,none,54,61,58,57.666666666666664,173,Average,3.5118845842842465,0,40.36666666666666,4,1,3,-5.5,0
male,group B,high school,standard,none,82,82,80,81.33333333333333,244,Good,1.1547005383792517,0,56.93333333333332,2,1,2,1.0,1
female,group D,some college,free/reduced,none,49,58,60,55.666666666666664,167,Average,5.8594652770823155,0,38.96666666666666,3,0,2,-10.0,0
male,group B,some high school,free/reduced,completed,49,50,52,50.333333333333336,151,Average,1.5275252316519465,1,65.23333333333333,1,0,2,-2.0,0
female,group E,high school,free/reduced,completed,57,75,73,68.33333333333333,205,Average,9.865765724632496,1,77.83333333333333,2,0,2,-17.0,0
male,group E,high school,standard,none,94,73,71,79.33333333333333,238,Good,12.741009902410928,0,55.533333333333324,2,1,2,22.0,1
female,group D,some college,standard,completed,75,77,83,78.33333333333333,235,Good,4.163331998932265,1,84.83333333333333,3,1,6,-5.0,1
female,group E,some high school,free/reduced,none,74,74,72,73.33333333333333,220,Good,1.1547005383792517,0,51.33333333333333,1,0,2,1.0,0
male,group C,high school,standard,completed,58,52,54,54.666666666666664,164,Average,3.0550504633038935,1,68.26666666666667,2,1,2,5.0,0
female,group C,some college,standard,none,62,69,69,66.66666666666667,200,Average,4.041451884327381,0,46.666666666666664,3,1,0,-7.0,0
male,group E,associate's degree,standard,none,72,57,62,63.666666666666664,191,Average,7.637626158259733,0,44.56666666666666,4,1,5,12.5,0
male,group C,some college,standard,none,84,87,81,84.0,252,Good,3.0,0,58.8,3,1,6,0.0,1
female,group D,master's degree,standard,none,92,100,100,97.33333333333333,292,Excellent,4.618802153517006,0,68.13333333333333,6,1,0,-8.0,1
female,group D,high school,standard,none,45,63,59,55.666666666666664,167,Average,9.451631252505216,0,38.96666666666666,2,1,4,-16.0,0
male,group C,high school,standard,none,75,81,71,75.66666666666667,227,Good,5.033222956847166,0,52.96666666666667,2,1,10,-1.0,1
female,group A,some college,standard,none,56,58,64,59.333333333333336,178,Average,4.163331998932266,0,41.53333333333333,3,1,6,-5.0,0
female,group D,some high school,free/reduced,none,48,54,53,51.666666666666664,155,Average,3.2145502536643185,0,36.166666666666664,1,0,1,-5.5,0
female,group E,associate's degree,standard,none,100,100,100,100.0,300,Excellent,0.0,0,70.0,4,1,0,0.0,1
female,group C,some high school,free/reduced,completed,65,76,75,72.0,216,Good,6.082762530298219,1,80.4,1,0,1,-10.5,0
male,group D,some college,standard,none,72,57,58,62.333333333333336,187,Average,8.386497083606084,0,43.63333333333333,3,1,1,14.5,0
female,group D,some college,standard,none,62,70,72,68.0,204,Average,5.291502622129181,0,47.599999999999994,3,1,2,-9.0,0
male,group A,some high school,standard,completed,66,68,64,66.0,198,Average,2.0,1,76.19999999999999,1,1,4,0.0,0
male,group C,some college,standard,none,63,63,60,62.0,186,Average,1.7320508075688772,0,43.4,3,1,3,1.5,0
female,group E,associate's degree,standard,none,68,76,67,70.33333333333333,211,Good,4.932882862316247,0,49.23333333333333,4,1,9,-3.5,0
female,group B,bachelor's degree,standard,none,75,84,80,79.66666666666667,239,Good,4.509249752822894,0,55.766666666666666,5,1,4,-7.0,1
female,group D,bachelor's degree,standard,none,89,100,100,96.33333333333333,289,Excellent,6.350852961085883,0,67.43333333333332,5,1,0,-11.0,1
male,group C,some high school,standard,completed,78,72,69,73.0,219,Good,4.58257569495584,1,81.1,1,1,3,7.5,0
female,group A,high school,free/reduced,completed,53,50,60,54.333333333333336,163,Average,5.131601439446884,1,68.03333333333333,2,0,10,-2.0,0
female,group D,some college,free/reduced,none,49,65,61,58.333333333333336,175,Average,8.32666399786453,0,40.833333333333336,3,0,4,-14.0,0
female,group A,some college,standard,none,54,63,67,61.333333333333336,184,Average,6.658328118479393,0,42.93333333333333,3,1,4,-11.0,0
female,group C,some college,standard,completed,64,82,77,74.33333333333333,223,Good,9.29157324317757,1,82.03333333333333,3,1,5,-15.5,0
male,group B,some college,free/reduced,completed,60,62,60,60.666666666666664,182,Average,1.1547005383792517,1,72.46666666666667,3,0,2,-1.0,0
male,group C,associate's degree,standard,none,62,65,58,61.666666666666664,185,Average,3.511884584284246,0,43.166666666666664,4,1,7,0.5,0
male,group D,high school,standard,completed,55,41,48,48.0,144,Poor,7.0,1,63.599999999999994,2,1,7,10.5,0
female,group C,associate's degree,standard,none,91,95,94,93.33333333333333,280,Excellent,2.0816659994661326,0,65.33333333333333,4,1,1,-3.5,1
female,group B,high school,free/reduced,none,8,24,23,18.333333333333332,55,Poor,8.962886439832502,0,12.833333333333332,2,0,1,-15.5,0
male,group D,some high school,standard,none,81,78,78,79.0,237,Good,1.7320508075688772,0,55.3,1,1,0,3.0,1
male,group B,some high school,standard,completed,79,85,86,83.33333333333333,250,Good,3.7859388972001824,1,88.33333333333333,1,1,1,-6.5,1
female,group A,some college,standard,completed,78,87,91,85.33333333333333,256,Excellent,6.6583281184793925,1,89.73333333333332,3,1,4,-11.0,1
female,group C,some high school,standard,none,74,75,82,77.0,231,Good,4.358898943540674,0,53.9,1,1,7,-4.5,1
male,group A,high school,standard,none,57,51,54,54.0,162,Average,3.0,0,37.8,2,1,3,4.5,0
female,group C,associate's degree,standard,none,40,59,51,50.0,150,Average,9.539392014169456,0,35.0,4,1,8,-15.0,0
male,group E,some high school,standard,completed,81,75,76,77.33333333333333,232,Good,3.214550253664318,1,84.13333333333333,1,1,1,5.5,1
female,group A,some high school,free/reduced,none,44,45,45,44.666666666666664,134,Poor,0.5773502691896258,0,31.266666666666662,1,0,0,-1.0,0
female,group D,some college,free/reduced,completed,67,86,83,78.66666666666667,236,Good,10.214368964029708,1,85.06666666666666,3,0,3,-17.5,1
male,group E,high school,free/reduced,completed,86,81,75,80.66666666666667,242,Good,5.507570547286102,1,86.46666666666667,2,0,6,8.0,1
female,group B,some high school,standard,completed,65,82,78,75.0,225,Good,8.888194417315589,1,82.5,1,1,4,-15.0,1
female,group D,associate's degree,free/reduced,none,55,76,76,69.0,207,Average,12.12435565298214,0,48.3,4,0,0,-21.0,0
female,group D,bachelor's degree,free/reduced,none,62,72,74,69.33333333333333,208,Average,6.429100507328636,0,48.533333333333324,5,0,2,-11.0,0
male,group A,high school,standard,none,63,63,62,62.666666666666664,188,Average,0.5773502691896258,0,43.86666666666666,2,1,1,0.5,0
female,group E,master's degree,standard,completed,88,99,95,94.0,282,Excellent,5.5677643628300215,1,95.8,6,1,4,-9.0,1
male,group C,high school,free/reduced,none,62,55,55,57.333333333333336,172,Average,4.041451884327381,0,40.13333333333333,2,0,0,7.0,0
female,group C,high school,free/reduced,completed,59,71,65,65.0,195,Average,6.0,1,75.5,2,0,6,-9.0,0
female,group D,some college,standard,completed,68,78,77,74.33333333333333,223,Good,5.507570547286102,1,82.03333333333333,3,1,1,-9.5,0
female,group D,some college,free/reduced,none,77,86,86,83.0,249,Good,5.196152422706632,0,58.099999999999994,3,0,0,-9.0,1
